Results_Precinct,Velasquez,Nirenberg,Pina,Idrogo,Brockhouse,Atwood,Castanuela,Cecconi,Diaz,Total,Winner,Color,Velasquez percent,Nirenberg percent,Pina percent,Idrogo percent,Brockhouse percent,Atwood percent,Castanuela percent,Cecconi percent,Diaz percent
1001,0,135,2,0,23,1,0,2,3,166,Nirenberg,#2b83ba,0,0.813253012,0.012048193,0,0.138554217,0.006024096,0,0.012048193,0.018072289
1002,0,17,0,0,39,0,0,0,0,56,Brockhouse,#7fc97f,0,0.303571429,0,0,0.696428571,0,0,0,0
1003,2,170,1,1,50,2,1,0,2,229,Nirenberg,#2b83ba,0.008733624,0.742358079,0.004366812,0.004366812,0.218340611,0.008733624,0.004366812,0,0.008733624
1004,3,63,1,0,34,1,0,0,3,105,Nirenberg,#2b83ba,0.028571429,0.6,0.00952381,0,0.323809524,0.00952381,0,0,0.028571429
1005,2,45,4,0,17,1,0,0,1,70,Nirenberg,#2b83ba,0.028571429,0.642857143,0.057142857,0,0.242857143,0.014285714,0,0,0.014285714
1006,9,123,4,0,72,2,2,0,5,217,Nirenberg,#2b83ba,0.041474654,0.566820276,0.01843318,0,0.331797235,0.00921659,0.00921659,0,0.023041475
1007,7,86,1,0,66,1,0,0,3,164,Nirenberg,#2b83ba,0.042682927,0.524390244,0.006097561,0,0.402439024,0.006097561,0,0,0.018292683
1008,4,311,2,1,58,4,0,0,5,385,Nirenberg,#2b83ba,0.01038961,0.807792208,0.005194805,0.002597403,0.150649351,0.01038961,0,0,0.012987013
1010,2,59,2,2,19,0,0,0,1,85,Nirenberg,#2b83ba,0.023529412,0.694117647,0.023529412,0.023529412,0.223529412,0,0,0,0.011764706
1011,3,27,0,0,25,0,2,0,1,58,Nirenberg,#2b83ba,0.051724138,0.465517241,0,0,0.431034483,0,0.034482759,0,0.017241379
1012,6,80,6,2,91,0,3,1,4,193,Brockhouse,#7fc97f,0.031088083,0.414507772,0.031088083,0.010362694,0.471502591,0,0.015544041,0.005181347,0.020725389
1013,7,156,1,5,63,0,0,1,3,236,Nirenberg,#2b83ba,0.029661017,0.661016949,0.004237288,0.021186441,0.266949153,0,0,0.004237288,0.012711864
1014,6,61,1,0,29,0,1,0,4,102,Nirenberg,#2b83ba,0.058823529,0.598039216,0.009803922,0,0.284313725,0,0.009803922,0,0.039215686
1015,7,44,1,0,21,1,0,0,2,76,Nirenberg,#2b83ba,0.092105263,0.578947368,0.013157895,0,0.276315789,0.013157895,0,0,0.026315789
1016,4,43,5,0,39,0,0,0,0,91,Nirenberg,#2b83ba,0.043956044,0.472527473,0.054945055,0,0.428571429,0,0,0,0
1017,1,11,0,0,9,0,0,0,0,21,Nirenberg,#2b83ba,0.047619048,0.523809524,0,0,0.428571429,0,0,0,0
1018,3,118,1,2,83,1,2,0,10,220,Nirenberg,#2b83ba,0.013636364,0.536363636,0.004545455,0.009090909,0.377272727,0.004545455,0.009090909,0,0.045454545
1019,2,62,0,1,35,0,1,0,3,104,Nirenberg,#2b83ba,0.019230769,0.596153846,0,0.009615385,0.336538462,0,0.009615385,0,0.028846154
1020,13,144,3,1,125,2,0,2,16,306,Nirenberg,#2b83ba,0.04248366,0.470588235,0.009803922,0.003267974,0.408496732,0.006535948,0,0.006535948,0.052287582
1021,4,107,4,0,47,5,1,2,4,174,Nirenberg,#2b83ba,0.022988506,0.614942529,0.022988506,0,0.270114943,0.028735632,0.005747126,0.011494253,0.022988506
1022,4,42,1,1,32,0,2,2,1,85,Nirenberg,#2b83ba,0.047058824,0.494117647,0.011764706,0.011764706,0.376470588,0,0.023529412,0.023529412,0.011764706
1023,18,128,4,1,56,1,2,1,11,222,Nirenberg,#2b83ba,0.081081081,0.576576577,0.018018018,0.004504505,0.252252252,0.004504505,0.009009009,0.004504505,0.04954955
1024,4,109,2,2,159,2,1,2,2,283,Brockhouse,#7fc97f,0.014134276,0.385159011,0.007067138,0.007067138,0.561837456,0.007067138,0.003533569,0.007067138,0.007067138
1025,3,21,1,0,4,0,0,0,4,33,Nirenberg,#2b83ba,0.090909091,0.636363636,0.03030303,0,0.121212121,0,0,0,0.121212121
1026,7,59,0,0,33,0,2,1,2,104,Nirenberg,#2b83ba,0.067307692,0.567307692,0,0,0.317307692,0,0.019230769,0.009615385,0.019230769
1028,3,37,0,1,33,0,0,0,0,74,Nirenberg,#2b83ba,0.040540541,0.5,0,0.013513514,0.445945946,0,0,0,0
1029,5,119,0,2,60,0,0,0,4,190,Nirenberg,#2b83ba,0.026315789,0.626315789,0,0.010526316,0.315789474,0,0,0,0.021052632
1030,0,0,0,0,2,0,0,0,0,2,Brockhouse,#7fc97f,0,0,0,0,1,0,0,0,0
1031,3,72,1,1,44,2,0,0,3,126,Nirenberg,#2b83ba,0.023809524,0.571428571,0.007936508,0.007936508,0.349206349,0.015873016,0,0,0.023809524
1032,6,105,0,0,44,0,3,2,5,165,Nirenberg,#2b83ba,0.036363636,0.636363636,0,0,0.266666667,0,0.018181818,0.012121212,0.03030303
1033,5,51,2,0,50,1,0,3,1,113,Nirenberg,#2b83ba,0.044247788,0.451327434,0.017699115,0,0.442477876,0.008849558,0,0.026548673,0.008849558
1036,7,153,5,2,166,5,2,4,9,353,Brockhouse,#7fc97f,0.019830028,0.433427762,0.014164306,0.005665722,0.470254958,0.014164306,0.005665722,0.011331445,0.025495751
1037,9,103,0,0,84,0,0,0,5,201,Nirenberg,#2b83ba,0.044776119,0.512437811,0,0,0.417910448,0,0,0,0.024875622
1038,5,125,4,2,146,1,2,4,6,295,Brockhouse,#7fc97f,0.016949153,0.423728814,0.013559322,0.006779661,0.494915254,0.003389831,0.006779661,0.013559322,0.020338983
1039,11,41,0,2,62,0,2,1,3,122,Brockhouse,#7fc97f,0.090163934,0.336065574,0,0.016393443,0.508196721,0,0.016393443,0.008196721,0.024590164
1040,5,119,2,4,57,3,1,1,4,196,Nirenberg,#2b83ba,0.025510204,0.607142857,0.010204082,0.020408163,0.290816327,0.015306122,0.005102041,0.005102041,0.020408163
1041,6,53,1,1,40,0,4,0,10,115,Nirenberg,#2b83ba,0.052173913,0.460869565,0.008695652,0.008695652,0.347826087,0,0.034782609,0,0.086956522
1042,3,38,0,0,40,1,3,0,6,91,Brockhouse,#7fc97f,0.032967033,0.417582418,0,0,0.43956044,0.010989011,0.032967033,0,0.065934066
1043,6,62,0,0,74,0,1,0,0,143,Brockhouse,#7fc97f,0.041958042,0.433566434,0,0,0.517482517,0,0.006993007,0,0
1044,5,90,0,0,79,0,0,1,5,180,Nirenberg,#2b83ba,0.027777778,0.5,0,0,0.438888889,0,0,0.005555556,0.027777778
1045,5,146,4,1,102,0,2,1,4,265,Nirenberg,#2b83ba,0.018867925,0.550943396,0.01509434,0.003773585,0.38490566,0,0.00754717,0.003773585,0.01509434
1046,5,89,2,2,59,0,3,2,3,165,Nirenberg,#2b83ba,0.03030303,0.539393939,0.012121212,0.012121212,0.357575758,0,0.018181818,0.012121212,0.018181818
1047,2,54,2,1,42,0,2,3,7,113,Nirenberg,#2b83ba,0.017699115,0.477876106,0.017699115,0.008849558,0.371681416,0,0.017699115,0.026548673,0.061946903
1048,10,96,5,1,86,1,2,5,3,209,Nirenberg,#2b83ba,0.04784689,0.459330144,0.023923445,0.004784689,0.411483254,0.004784689,0.009569378,0.023923445,0.014354067
1049,8,129,4,2,113,2,3,7,7,275,Nirenberg,#2b83ba,0.029090909,0.469090909,0.014545455,0.007272727,0.410909091,0.007272727,0.010909091,0.025454545,0.025454545
1050,6,70,1,0,72,2,3,0,7,161,Brockhouse,#7fc97f,0.037267081,0.434782609,0.00621118,0,0.447204969,0.01242236,0.01863354,0,0.043478261
1051,13,116,2,1,121,1,5,1,12,272,Brockhouse,#7fc97f,0.047794118,0.426470588,0.007352941,0.003676471,0.444852941,0.003676471,0.018382353,0.003676471,0.044117647
1052,4,111,1,1,104,1,5,1,3,231,Nirenberg,#2b83ba,0.017316017,0.480519481,0.004329004,0.004329004,0.45021645,0.004329004,0.021645022,0.004329004,0.012987013
1053,0,6,0,0,11,0,0,0,5,22,Brockhouse,#7fc97f,0,0.272727273,0,0,0.5,0,0,0,0.227272727
1054,4,132,2,1,128,1,5,1,8,282,Nirenberg,#2b83ba,0.014184397,0.468085106,0.007092199,0.003546099,0.453900709,0.003546099,0.017730496,0.003546099,0.028368794
1055,7,125,4,0,160,3,0,0,2,301,Brockhouse,#7fc97f,0.023255814,0.415282392,0.013289037,0,0.531561462,0.009966777,0,0,0.006644518
1056,11,125,3,4,139,2,3,4,14,305,Brockhouse,#7fc97f,0.036065574,0.409836066,0.009836066,0.013114754,0.455737705,0.006557377,0.009836066,0.013114754,0.045901639
1057,0,0,0,0,0,0,0,0,0,0,No votes,BLANK,0,0,0,0,0,0,0,0,0
1058,0,2,0,1,5,0,0,0,3,11,Brockhouse,#7fc97f,0,0.181818182,0,0.090909091,0.454545455,0,0,0,0.272727273
1059,0,8,1,0,10,1,1,0,0,21,Brockhouse,#7fc97f,0,0.380952381,0.047619048,0,0.476190476,0.047619048,0.047619048,0,0
1060,7,89,4,2,58,2,0,0,8,170,Nirenberg,#2b83ba,0.041176471,0.523529412,0.023529412,0.011764706,0.341176471,0.011764706,0,0,0.047058824
1061,4,58,2,0,57,0,0,2,4,127,Nirenberg,#2b83ba,0.031496063,0.456692913,0.015748031,0,0.448818898,0,0,0.015748031,0.031496063
1062,1,7,0,0,4,1,0,0,0,13,Nirenberg,#2b83ba,0.076923077,0.538461538,0,0,0.307692308,0.076923077,0,0,0
1063,0,1,0,0,0,0,0,0,0,1,Nirenberg,#2b83ba,0,1,0,0,0,0,0,0,0
1069,0,34,1,0,61,2,1,0,0,99,Brockhouse,#7fc97f,0,0.343434343,0.01010101,0,0.616161616,0.02020202,0.01010101,0,0
1070,1,32,0,0,45,1,1,1,1,82,Brockhouse,#7fc97f,0.012195122,0.390243902,0,0,0.548780488,0.012195122,0.012195122,0.012195122,0.012195122
1071,4,56,1,0,85,6,0,1,2,155,Brockhouse,#7fc97f,0.025806452,0.361290323,0.006451613,0,0.548387097,0.038709677,0,0.006451613,0.012903226
1072,2,79,0,1,96,0,0,0,3,181,Brockhouse,#7fc97f,0.011049724,0.436464088,0,0.005524862,0.53038674,0,0,0,0.016574586
1074,0,1,0,0,1,0,0,0,0,2,Tie,#ffff99,0,0.5,0,0,0.5,0,0,0,0
1075,8,54,1,1,65,0,0,1,3,133,Brockhouse,#7fc97f,0.060150376,0.406015038,0.007518797,0.007518797,0.488721805,0,0,0.007518797,0.022556391
1076,1,98,3,2,136,0,1,3,1,245,Brockhouse,#7fc97f,0.004081633,0.4,0.012244898,0.008163265,0.555102041,0,0.004081633,0.012244898,0.004081633
1077,5,150,0,2,56,1,4,2,8,228,Nirenberg,#2b83ba,0.021929825,0.657894737,0,0.00877193,0.245614035,0.004385965,0.01754386,0.00877193,0.035087719
1078,5,27,1,0,8,0,0,0,2,43,Nirenberg,#2b83ba,0.11627907,0.627906977,0.023255814,0,0.186046512,0,0,0,0.046511628
1079,0,168,4,1,201,2,1,0,2,379,Brockhouse,#7fc97f,0,0.443271768,0.01055409,0.002638522,0.530343008,0.005277045,0.002638522,0,0.005277045
1080,1,100,8,2,122,2,1,0,2,238,Brockhouse,#7fc97f,0.004201681,0.420168067,0.033613445,0.008403361,0.512605042,0.008403361,0.004201681,0,0.008403361
1083,4,143,1,3,177,4,1,1,4,338,Brockhouse,#7fc97f,0.01183432,0.423076923,0.00295858,0.00887574,0.523668639,0.01183432,0.00295858,0.00295858,0.01183432
1084,4,75,3,1,117,0,2,0,2,204,Brockhouse,#7fc97f,0.019607843,0.367647059,0.014705882,0.004901961,0.573529412,0,0.009803922,0,0.009803922
1085,3,68,0,0,83,0,0,0,3,157,Brockhouse,#7fc97f,0.01910828,0.433121019,0,0,0.52866242,0,0,0,0.01910828
1086,7,143,5,3,178,4,1,1,3,345,Brockhouse,#7fc97f,0.020289855,0.414492754,0.014492754,0.008695652,0.515942029,0.011594203,0.002898551,0.002898551,0.008695652
1087,2,66,1,2,63,1,1,1,2,139,Nirenberg,#2b83ba,0.014388489,0.474820144,0.007194245,0.014388489,0.45323741,0.007194245,0.007194245,0.007194245,0.014388489
1088,2,55,0,0,23,0,1,0,4,85,Nirenberg,#2b83ba,0.023529412,0.647058824,0,0,0.270588235,0,0.011764706,0,0.047058824
1089,1,55,0,0,81,1,1,1,2,142,Brockhouse,#7fc97f,0.007042254,0.387323944,0,0,0.570422535,0.007042254,0.007042254,0.007042254,0.014084507
1090,0,0,0,0,0,0,0,0,0,0,No votes,BLANK,0,0,0,0,0,0,0,0,0
1091,4,74,0,1,107,1,2,0,2,191,Brockhouse,#7fc97f,0.020942408,0.387434555,0,0.005235602,0.560209424,0.005235602,0.010471204,0,0.010471204
1092,3,21,0,0,22,0,0,0,1,47,Brockhouse,#7fc97f,0.063829787,0.446808511,0,0,0.468085106,0,0,0,0.021276596
1093,0,47,0,0,67,4,0,2,0,120,Brockhouse,#7fc97f,0,0.391666667,0,0,0.558333333,0.033333333,0,0.016666667,0
1094,3,43,1,0,53,3,1,1,4,109,Brockhouse,#7fc97f,0.027522936,0.394495413,0.009174312,0,0.486238532,0.027522936,0.009174312,0.009174312,0.036697248
1096,0,3,0,0,1,0,0,0,0,4,Nirenberg,#2b83ba,0,0.75,0,0,0.25,0,0,0,0
1097,3,33,1,0,30,0,0,0,2,69,Nirenberg,#2b83ba,0.043478261,0.47826087,0.014492754,0,0.434782609,0,0,0,0.028985507
1098,1,46,2,0,23,0,0,0,0,72,Nirenberg,#2b83ba,0.013888889,0.638888889,0.027777778,0,0.319444444,0,0,0,0
1099,6,236,2,1,375,4,1,2,6,633,Brockhouse,#7fc97f,0.009478673,0.372827804,0.003159558,0.001579779,0.592417062,0.006319115,0.001579779,0.003159558,0.009478673
1100,2,90,1,1,147,4,3,0,3,251,Brockhouse,#7fc97f,0.007968127,0.358565737,0.003984064,0.003984064,0.585657371,0.015936255,0.011952191,0,0.011952191
1101,0,0,0,0,0,0,0,0,0,0,No votes,BLANK,0,0,0,0,0,0,0,0,0
1102,1,0,0,0,4,0,0,0,1,6,Brockhouse,#7fc97f,0.166666667,0,0,0,0.666666667,0,0,0,0.166666667
1104,1,190,1,1,319,5,1,1,7,526,Brockhouse,#7fc97f,0.001901141,0.36121673,0.001901141,0.001901141,0.606463878,0.009505703,0.001901141,0.001901141,0.013307985
1105,1,17,0,0,16,0,0,1,0,35,Nirenberg,#2b83ba,0.028571429,0.485714286,0,0,0.457142857,0,0,0.028571429,0
1106,0,0,0,0,0,0,0,0,0,0,No votes,BLANK,0,0,0,0,0,0,0,0,0
1108,0,0,0,0,0,0,0,0,0,0,No votes,BLANK,0,0,0,0,0,0,0,0,0
1109,0,0,0,0,0,0,0,0,0,0,No votes,BLANK,0,0,0,0,0,0,0,0,0
1111,9,242,2,1,394,11,3,3,3,668,Brockhouse,#7fc97f,0.013473054,0.362275449,0.002994012,0.001497006,0.589820359,0.016467066,0.004491018,0.004491018,0.004491018
1113,3,106,0,1,155,3,2,1,2,273,Brockhouse,#7fc97f,0.010989011,0.388278388,0,0.003663004,0.567765568,0.010989011,0.007326007,0.003663004,0.007326007
1114,0,0,0,0,0,0,0,0,0,0,No votes,BLANK,0,0,0,0,0,0,0,0,0
1117,4,18,0,0,26,0,0,0,0,48,Brockhouse,#7fc97f,0.083333333,0.375,0,0,0.541666667,0,0,0,0
1119,0,4,0,0,6,0,0,0,1,11,Brockhouse,#7fc97f,0,0.363636364,0,0,0.545454545,0,0,0,0.090909091
1120,0,5,0,0,1,0,0,0,1,7,Nirenberg,#2b83ba,0,0.714285714,0,0,0.142857143,0,0,0,0.142857143
1123,0,0,0,0,2,0,0,0,0,2,Brockhouse,#7fc97f,0,0,0,0,1,0,0,0,0
1124,0,2,0,0,0,0,0,1,1,4,Nirenberg,#2b83ba,0,0.5,0,0,0,0,0,0.25,0.25
1126,0,0,0,0,0,0,0,0,0,0,No votes,BLANK,0,0,0,0,0,0,0,0,0
1127,2,22,0,2,21,0,0,1,2,50,Nirenberg,#2b83ba,0.04,0.44,0,0.04,0.42,0,0,0.02,0.04
1130,0,0,0,0,0,0,0,0,0,0,No votes,BLANK,0,0,0,0,0,0,0,0,0
1131,0,0,0,0,0,0,0,0,0,0,No votes,BLANK,0,0,0,0,0,0,0,0,0
1132,0,0,0,0,0,0,0,0,0,0,No votes,BLANK,0,0,0,0,0,0,0,0,0
1133,0,0,0,0,0,0,0,0,0,0,No votes,BLANK,0,0,0,0,0,0,0,0,0
1134,0,0,0,0,0,0,0,0,0,0,No votes,BLANK,0,0,0,0,0,0,0,0,0
1135,0,0,0,0,0,0,0,0,0,0,No votes,BLANK,0,0,0,0,0,0,0,0,0
1136,0,4,0,0,4,0,0,0,2,10,Tie,#ffff99,0,0.4,0,0,0.4,0,0,0,0.2
1137,0,0,0,0,0,0,0,0,0,0,No votes,BLANK,0,0,0,0,0,0,0,0,0
1138,0,15,1,0,11,0,1,0,0,28,Nirenberg,#2b83ba,0,0.535714286,0.035714286,0,0.392857143,0,0.035714286,0,0
1139,0,25,0,2,34,2,0,0,2,65,Brockhouse,#7fc97f,0,0.384615385,0,0.030769231,0.523076923,0.030769231,0,0,0.030769231
1146,0,4,1,0,4,0,0,0,0,9,Tie,#ffff99,0,0.444444444,0.111111111,0,0.444444444,0,0,0,0
2001,4,44,3,1,16,1,0,1,5,75,Nirenberg,#2b83ba,0.053333333,0.586666667,0.04,0.013333333,0.213333333,0.013333333,0,0.013333333,0.066666667
2002,9,69,7,2,29,0,0,1,3,120,Nirenberg,#2b83ba,0.075,0.575,0.058333333,0.016666667,0.241666667,0,0,0.008333333,0.025
2003,10,83,0,1,54,1,0,1,5,155,Nirenberg,#2b83ba,0.064516129,0.535483871,0,0.006451613,0.348387097,0.006451613,0,0.006451613,0.032258065
2004,8,110,3,0,48,1,0,0,5,175,Nirenberg,#2b83ba,0.045714286,0.628571429,0.017142857,0,0.274285714,0.005714286,0,0,0.028571429
2005,2,117,1,0,39,1,2,0,1,163,Nirenberg,#2b83ba,0.012269939,0.717791411,0.006134969,0,0.239263804,0.006134969,0.012269939,0,0.006134969
2006,0,2,0,0,1,0,0,0,0,3,Nirenberg,#2b83ba,0,0.666666667,0,0,0.333333333,0,0,0,0
2007,3,76,0,0,44,1,3,0,1,128,Nirenberg,#2b83ba,0.0234375,0.59375,0,0,0.34375,0.0078125,0.0234375,0,0.0078125
2008,6,86,0,1,26,0,1,0,2,122,Nirenberg,#2b83ba,0.049180328,0.704918033,0,0.008196721,0.213114754,0,0.008196721,0,0.016393443
2009,2,56,2,0,33,1,0,0,2,96,Nirenberg,#2b83ba,0.020833333,0.583333333,0.020833333,0,0.34375,0.010416667,0,0,0.020833333
2010,0,106,4,0,91,0,1,0,2,204,Nirenberg,#2b83ba,0,0.519607843,0.019607843,0,0.446078431,0,0.004901961,0,0.009803922
2011,1,129,0,1,48,0,0,1,7,187,Nirenberg,#2b83ba,0.005347594,0.689839572,0,0.005347594,0.256684492,0,0,0.005347594,0.037433155
2012,6,66,2,0,33,1,1,0,2,111,Nirenberg,#2b83ba,0.054054054,0.594594595,0.018018018,0,0.297297297,0.009009009,0.009009009,0,0.018018018
2013,5,102,2,0,33,0,0,0,4,146,Nirenberg,#2b83ba,0.034246575,0.698630137,0.01369863,0,0.226027397,0,0,0,0.02739726
2014,5,88,2,0,50,0,1,1,2,149,Nirenberg,#2b83ba,0.033557047,0.590604027,0.013422819,0,0.33557047,0,0.006711409,0.006711409,0.013422819
2015,5,68,3,0,28,1,2,0,2,109,Nirenberg,#2b83ba,0.04587156,0.623853211,0.027522936,0,0.256880734,0.009174312,0.018348624,0,0.018348624
2016,3,42,0,0,14,1,0,0,1,61,Nirenberg,#2b83ba,0.049180328,0.68852459,0,0,0.229508197,0.016393443,0,0,0.016393443
2017,2,25,0,0,20,0,0,0,3,50,Nirenberg,#2b83ba,0.04,0.5,0,0,0.4,0,0,0,0.06
2018,6,99,1,3,49,0,2,0,4,164,Nirenberg,#2b83ba,0.036585366,0.603658537,0.006097561,0.018292683,0.298780488,0,0.012195122,0,0.024390244
2019,9,51,0,1,41,0,1,0,2,105,Nirenberg,#2b83ba,0.085714286,0.485714286,0,0.00952381,0.39047619,0,0.00952381,0,0.019047619
2020,8,81,3,5,87,0,0,0,4,188,Brockhouse,#7fc97f,0.042553191,0.430851064,0.015957447,0.026595745,0.462765957,0,0,0,0.021276596
2021,4,102,2,0,60,1,0,1,7,177,Nirenberg,#2b83ba,0.02259887,0.576271186,0.011299435,0,0.338983051,0.005649718,0,0.005649718,0.039548023
2022,1,75,1,3,36,0,0,1,2,119,Nirenberg,#2b83ba,0.008403361,0.630252101,0.008403361,0.025210084,0.302521008,0,0,0.008403361,0.016806723
2023,9,194,1,0,88,2,5,2,7,308,Nirenberg,#2b83ba,0.029220779,0.62987013,0.003246753,0,0.285714286,0.006493506,0.016233766,0.006493506,0.022727273
2024,5,97,4,1,77,5,0,1,5,195,Nirenberg,#2b83ba,0.025641026,0.497435897,0.020512821,0.005128205,0.394871795,0.025641026,0,0.005128205,0.025641026
2025,11,230,2,3,107,1,3,2,7,366,Nirenberg,#2b83ba,0.030054645,0.628415301,0.005464481,0.008196721,0.292349727,0.00273224,0.008196721,0.005464481,0.019125683
2026,8,201,2,0,116,5,1,2,1,336,Nirenberg,#2b83ba,0.023809524,0.598214286,0.005952381,0,0.345238095,0.014880952,0.00297619,0.005952381,0.00297619
2027,1,157,2,0,118,0,1,0,2,281,Nirenberg,#2b83ba,0.003558719,0.558718861,0.007117438,0,0.419928826,0,0.003558719,0,0.007117438
2028,12,300,0,3,170,2,1,4,7,499,Nirenberg,#2b83ba,0.024048096,0.601202405,0,0.006012024,0.340681363,0.004008016,0.002004008,0.008016032,0.014028056
2029,4,57,1,1,40,1,0,0,2,106,Nirenberg,#2b83ba,0.037735849,0.537735849,0.009433962,0.009433962,0.377358491,0.009433962,0,0,0.018867925
2030,9,66,0,1,42,1,2,0,5,126,Nirenberg,#2b83ba,0.071428571,0.523809524,0,0.007936508,0.333333333,0.007936508,0.015873016,0,0.03968254
2031,8,90,2,1,32,2,2,0,3,140,Nirenberg,#2b83ba,0.057142857,0.642857143,0.014285714,0.007142857,0.228571429,0.014285714,0.014285714,0,0.021428571
2032,2,34,0,1,16,1,1,0,2,57,Nirenberg,#2b83ba,0.035087719,0.596491228,0,0.01754386,0.280701754,0.01754386,0.01754386,0,0.035087719
2033,3,37,0,0,19,1,4,1,1,66,Nirenberg,#2b83ba,0.045454545,0.560606061,0,0,0.287878788,0.015151515,0.060606061,0.015151515,0.015151515
2034,2,33,2,0,6,0,0,1,0,44,Nirenberg,#2b83ba,0.045454545,0.75,0.045454545,0,0.136363636,0,0,0.022727273,0
2035,0,267,3,0,73,2,0,3,2,350,Nirenberg,#2b83ba,0,0.762857143,0.008571429,0,0.208571429,0.005714286,0,0.008571429,0.005714286
2036,1,406,3,1,106,1,0,3,1,522,Nirenberg,#2b83ba,0.001915709,0.777777778,0.005747126,0.001915709,0.203065134,0.001915709,0,0.005747126,0.001915709
2037,3,115,2,4,189,7,1,0,0,321,Brockhouse,#7fc97f,0.009345794,0.358255452,0.00623053,0.012461059,0.588785047,0.021806854,0.003115265,0,0
2038,1,183,0,0,100,5,1,2,0,292,Nirenberg,#2b83ba,0.003424658,0.626712329,0,0,0.342465753,0.017123288,0.003424658,0.006849315,0
2039,5,166,1,0,52,1,2,2,3,232,Nirenberg,#2b83ba,0.021551724,0.715517241,0.004310345,0,0.224137931,0.004310345,0.00862069,0.00862069,0.012931034
2040,2,188,4,3,140,7,0,1,8,353,Nirenberg,#2b83ba,0.005665722,0.532577904,0.011331445,0.008498584,0.396600567,0.019830028,0,0.002832861,0.02266289
2041,9,188,0,1,136,2,2,1,2,341,Nirenberg,#2b83ba,0.026392962,0.551319648,0,0.002932551,0.398826979,0.005865103,0.005865103,0.002932551,0.005865103
2042,2,91,2,0,54,0,1,0,4,154,Nirenberg,#2b83ba,0.012987013,0.590909091,0.012987013,0,0.350649351,0,0.006493506,0,0.025974026
2043,6,66,3,2,86,2,2,0,3,170,Brockhouse,#7fc97f,0.035294118,0.388235294,0.017647059,0.011764706,0.505882353,0.011764706,0.011764706,0,0.017647059
2044,7,54,2,1,79,1,0,0,2,146,Brockhouse,#7fc97f,0.047945205,0.369863014,0.01369863,0.006849315,0.54109589,0.006849315,0,0,0.01369863
2045,1,411,1,5,126,6,1,2,3,556,Nirenberg,#2b83ba,0.001798561,0.739208633,0.001798561,0.008992806,0.226618705,0.010791367,0.001798561,0.003597122,0.005395683
2046,6,374,1,1,130,1,1,3,5,522,Nirenberg,#2b83ba,0.011494253,0.716475096,0.001915709,0.001915709,0.249042146,0.001915709,0.001915709,0.005747126,0.009578544
2047,7,216,4,1,93,0,0,1,3,325,Nirenberg,#2b83ba,0.021538462,0.664615385,0.012307692,0.003076923,0.286153846,0,0,0.003076923,0.009230769
2048,8,71,2,2,34,3,2,1,2,125,Nirenberg,#2b83ba,0.064,0.568,0.016,0.016,0.272,0.024,0.016,0.008,0.016
2049,7,174,3,2,154,1,1,2,6,350,Nirenberg,#2b83ba,0.02,0.497142857,0.008571429,0.005714286,0.44,0.002857143,0.002857143,0.005714286,0.017142857
2050,1,137,3,1,115,2,0,0,3,262,Nirenberg,#2b83ba,0.003816794,0.522900763,0.011450382,0.003816794,0.438931298,0.007633588,0,0,0.011450382
2051,1,52,0,1,11,1,0,0,2,68,Nirenberg,#2b83ba,0.014705882,0.764705882,0,0.014705882,0.161764706,0.014705882,0,0,0.029411765
2052,4,45,1,0,21,2,0,1,1,75,Nirenberg,#2b83ba,0.053333333,0.6,0.013333333,0,0.28,0.026666667,0,0.013333333,0.013333333
2053,6,94,1,2,37,1,0,1,3,145,Nirenberg,#2b83ba,0.04137931,0.648275862,0.006896552,0.013793103,0.255172414,0.006896552,0,0.006896552,0.020689655
2054,14,321,1,2,83,0,0,4,3,428,Nirenberg,#2b83ba,0.03271028,0.75,0.002336449,0.004672897,0.193925234,0,0,0.009345794,0.007009346
2055,3,221,0,0,49,2,0,1,1,277,Nirenberg,#2b83ba,0.010830325,0.797833935,0,0,0.176895307,0.007220217,0,0.003610108,0.003610108
2056,9,100,6,0,67,5,2,1,5,195,Nirenberg,#2b83ba,0.046153846,0.512820513,0.030769231,0,0.343589744,0.025641026,0.01025641,0.005128205,0.025641026
2057,6,104,5,4,62,2,2,1,5,191,Nirenberg,#2b83ba,0.031413613,0.544502618,0.02617801,0.020942408,0.32460733,0.010471204,0.010471204,0.005235602,0.02617801
2058,5,102,3,2,90,4,0,1,3,210,Nirenberg,#2b83ba,0.023809524,0.485714286,0.014285714,0.00952381,0.428571429,0.019047619,0,0.004761905,0.014285714
2059,8,129,1,1,99,1,5,5,5,254,Nirenberg,#2b83ba,0.031496063,0.507874016,0.003937008,0.003937008,0.38976378,0.003937008,0.019685039,0.019685039,0.019685039
2060,1,109,1,0,60,2,0,1,5,179,Nirenberg,#2b83ba,0.005586592,0.608938547,0.005586592,0,0.335195531,0.011173184,0,0.005586592,0.027932961
2062,4,107,5,3,75,6,0,2,1,203,Nirenberg,#2b83ba,0.019704433,0.527093596,0.024630542,0.014778325,0.369458128,0.02955665,0,0.009852217,0.004926108
2064,9,172,2,2,146,4,0,3,5,343,Nirenberg,#2b83ba,0.026239067,0.501457726,0.005830904,0.005830904,0.425655977,0.011661808,0,0.008746356,0.014577259
2066,8,289,8,3,379,7,0,1,10,705,Brockhouse,#7fc97f,0.011347518,0.409929078,0.011347518,0.004255319,0.537588652,0.009929078,0,0.00141844,0.014184397
2067,0,40,0,0,16,0,0,0,1,57,Nirenberg,#2b83ba,0,0.701754386,0,0,0.280701754,0,0,0,0.01754386
2068,15,309,4,4,477,8,2,0,7,826,Brockhouse,#7fc97f,0.018159806,0.37409201,0.004842615,0.004842615,0.57748184,0.00968523,0.002421308,0,0.008474576
2069,10,124,1,0,188,4,2,3,6,338,Brockhouse,#7fc97f,0.029585799,0.366863905,0.00295858,0,0.556213018,0.01183432,0.00591716,0.00887574,0.017751479
2070,13,164,6,0,48,1,4,1,7,244,Nirenberg,#2b83ba,0.053278689,0.672131148,0.024590164,0,0.196721311,0.004098361,0.016393443,0.004098361,0.028688525
2071,5,35,3,0,16,0,1,0,1,61,Nirenberg,#2b83ba,0.081967213,0.573770492,0.049180328,0,0.262295082,0,0.016393443,0,0.016393443
2072,8,141,2,1,214,7,2,0,4,379,Brockhouse,#7fc97f,0.021108179,0.372031662,0.005277045,0.002638522,0.564643799,0.018469657,0.005277045,0,0.01055409
2073,8,61,0,0,41,0,0,1,2,113,Nirenberg,#2b83ba,0.07079646,0.539823009,0,0,0.362831858,0,0,0.008849558,0.017699115
2074,1,17,0,1,19,2,2,0,1,43,Brockhouse,#7fc97f,0.023255814,0.395348837,0,0.023255814,0.441860465,0.046511628,0.046511628,0,0.023255814
2075,3,50,2,0,20,0,2,2,0,79,Nirenberg,#2b83ba,0.037974684,0.632911392,0.025316456,0,0.253164557,0,0.025316456,0.025316456,0
2076,5,122,8,0,191,4,1,1,2,334,Brockhouse,#7fc97f,0.01497006,0.365269461,0.023952096,0,0.571856287,0.011976048,0.002994012,0.002994012,0.005988024
2077,5,188,5,2,237,0,1,0,6,444,Brockhouse,#7fc97f,0.011261261,0.423423423,0.011261261,0.004504505,0.533783784,0,0.002252252,0,0.013513514
2078,5,85,0,2,158,2,0,0,5,257,Brockhouse,#7fc97f,0.019455253,0.3307393,0,0.007782101,0.614785992,0.007782101,0,0,0.019455253
2079,2,34,0,0,12,0,3,0,0,51,Nirenberg,#2b83ba,0.039215686,0.666666667,0,0,0.235294118,0,0.058823529,0,0
2080,2,56,0,2,50,3,1,1,3,118,Nirenberg,#2b83ba,0.016949153,0.474576271,0,0.016949153,0.423728814,0.025423729,0.008474576,0.008474576,0.025423729
2081,3,73,2,0,41,0,0,0,1,120,Nirenberg,#2b83ba,0.025,0.608333333,0.016666667,0,0.341666667,0,0,0,0.008333333
2082,7,87,1,0,71,3,0,1,0,170,Nirenberg,#2b83ba,0.041176471,0.511764706,0.005882353,0,0.417647059,0.017647059,0,0.005882353,0
2083,1,107,1,0,48,0,1,0,1,159,Nirenberg,#2b83ba,0.006289308,0.672955975,0.006289308,0,0.301886792,0,0.006289308,0,0.006289308
2084,11,365,2,6,473,5,1,4,7,874,Brockhouse,#7fc97f,0.012585812,0.417620137,0.00228833,0.006864989,0.541189931,0.005720824,0.001144165,0.004576659,0.008009153
2085,4,79,3,1,69,2,0,2,8,168,Nirenberg,#2b83ba,0.023809524,0.470238095,0.017857143,0.005952381,0.410714286,0.011904762,0,0.011904762,0.047619048
2086,4,265,2,1,281,3,0,0,3,559,Brockhouse,#7fc97f,0.007155635,0.474060823,0.003577818,0.001788909,0.502683363,0.005366726,0,0,0.005366726
2087,4,142,1,1,243,3,0,0,4,398,Brockhouse,#7fc97f,0.010050251,0.35678392,0.002512563,0.002512563,0.610552764,0.007537688,0,0,0.010050251
2088,7,229,4,5,295,3,0,3,1,547,Brockhouse,#7fc97f,0.012797075,0.418647166,0.007312614,0.009140768,0.539305302,0.005484461,0,0.005484461,0.001828154
2089,0,18,2,0,6,0,0,0,1,27,Nirenberg,#2b83ba,0,0.666666667,0.074074074,0,0.222222222,0,0,0,0.037037037
2090,3,67,1,0,52,0,0,0,2,125,Nirenberg,#2b83ba,0.024,0.536,0.008,0,0.416,0,0,0,0.016
2091,6,128,1,3,70,4,4,3,2,221,Nirenberg,#2b83ba,0.027149321,0.57918552,0.004524887,0.013574661,0.316742081,0.018099548,0.018099548,0.013574661,0.009049774
2092,2,27,0,0,27,0,0,0,1,57,Tie,#ffff99,0.035087719,0.473684211,0,0,0.473684211,0,0,0,0.01754386
2093,3,27,1,0,30,0,0,0,2,63,Brockhouse,#7fc97f,0.047619048,0.428571429,0.015873016,0,0.476190476,0,0,0,0.031746032
2094,0,45,0,0,14,0,0,0,0,59,Nirenberg,#2b83ba,0,0.762711864,0,0,0.237288136,0,0,0,0
2096,2,79,1,1,49,1,0,1,1,135,Nirenberg,#2b83ba,0.014814815,0.585185185,0.007407407,0.007407407,0.362962963,0.007407407,0,0.007407407,0.007407407
2097,6,105,0,1,158,2,1,2,6,281,Brockhouse,#7fc97f,0.021352313,0.37366548,0,0.003558719,0.56227758,0.007117438,0.003558719,0.007117438,0.021352313
2098,1,34,1,0,83,2,0,0,1,122,Brockhouse,#7fc97f,0.008196721,0.278688525,0.008196721,0,0.680327869,0.016393443,0,0,0.008196721
2099,3,118,2,0,158,6,0,2,0,289,Brockhouse,#7fc97f,0.010380623,0.408304498,0.006920415,0,0.546712803,0.020761246,0,0.006920415,0
2100,4,52,0,0,42,2,0,0,2,102,Nirenberg,#2b83ba,0.039215686,0.509803922,0,0,0.411764706,0.019607843,0,0,0.019607843
2102,4,149,2,1,268,0,2,4,3,433,Brockhouse,#7fc97f,0.009237875,0.344110855,0.004618938,0.002309469,0.618937644,0,0.004618938,0.009237875,0.006928406
2103,2,17,0,0,2,0,1,0,2,24,Nirenberg,#2b83ba,0.083333333,0.708333333,0,0,0.083333333,0,0.041666667,0,0.083333333
2104,0,24,1,0,5,0,0,0,0,30,Nirenberg,#2b83ba,0,0.8,0.033333333,0,0.166666667,0,0,0,0
2105,2,36,1,0,19,0,1,0,1,60,Nirenberg,#2b83ba,0.033333333,0.6,0.016666667,0,0.316666667,0,0.016666667,0,0.016666667
2106,0,21,0,1,22,1,0,0,0,45,Brockhouse,#7fc97f,0,0.466666667,0,0.022222222,0.488888889,0.022222222,0,0,0
2108,2,124,1,0,176,1,1,0,1,306,Brockhouse,#7fc97f,0.006535948,0.405228758,0.003267974,0,0.575163399,0.003267974,0.003267974,0,0.003267974
2109,0,0,0,0,0,0,0,0,0,0,No votes,BLANK,0,0,0,0,0,0,0,0,0
2110,4,70,1,0,78,6,1,3,0,163,Brockhouse,#7fc97f,0.024539877,0.429447853,0.006134969,0,0.478527607,0.036809816,0.006134969,0.018404908,0
2113,0,0,0,0,1,0,0,0,0,1,Brockhouse,#7fc97f,0,0,0,0,1,0,0,0,0
2114,2,116,4,3,105,0,0,1,2,233,Nirenberg,#2b83ba,0.008583691,0.497854077,0.017167382,0.012875536,0.450643777,0,0,0.004291845,0.008583691
2115,0,0,0,0,0,0,0,0,0,0,No votes,BLANK,0,0,0,0,0,0,0,0,0
2116,0,0,0,0,0,0,0,0,0,0,No votes,BLANK,0,0,0,0,0,0,0,0,0
2117,2,46,1,0,11,0,2,0,3,65,Nirenberg,#2b83ba,0.030769231,0.707692308,0.015384615,0,0.169230769,0,0.030769231,0,0.046153846
2118,1,3,0,0,0,0,0,0,0,4,Nirenberg,#2b83ba,0.25,0.75,0,0,0,0,0,0,0
2119,0,18,1,0,2,0,0,1,0,22,Nirenberg,#2b83ba,0,0.818181818,0.045454545,0,0.090909091,0,0,0.045454545,0
2121,1,19,2,0,32,2,0,1,0,57,Brockhouse,#7fc97f,0.01754386,0.333333333,0.035087719,0,0.561403509,0.035087719,0,0.01754386,0
2122,3,53,1,0,22,1,1,0,0,81,Nirenberg,#2b83ba,0.037037037,0.654320988,0.012345679,0,0.271604938,0.012345679,0.012345679,0,0
2123,4,59,1,0,115,4,1,1,0,185,Brockhouse,#7fc97f,0.021621622,0.318918919,0.005405405,0,0.621621622,0.021621622,0.005405405,0.005405405,0
2124,2,88,1,2,67,2,0,4,0,166,Nirenberg,#2b83ba,0.012048193,0.530120482,0.006024096,0.012048193,0.403614458,0.012048193,0,0.024096386,0
2125,0,0,0,0,0,0,0,0,0,0,No votes,BLANK,0,0,0,0,0,0,0,0,0
2126,1,60,2,0,58,4,0,1,2,128,Nirenberg,#2b83ba,0.0078125,0.46875,0.015625,0,0.453125,0.03125,0,0.0078125,0.015625
2127,5,160,1,2,233,7,0,1,1,410,Brockhouse,#7fc97f,0.012195122,0.390243902,0.002439024,0.004878049,0.568292683,0.017073171,0,0.002439024,0.002439024
2128,2,62,0,2,45,1,1,2,3,118,Nirenberg,#2b83ba,0.016949153,0.525423729,0,0.016949153,0.381355932,0.008474576,0.008474576,0.016949153,0.025423729
2129,0,0,0,0,0,0,0,0,0,0,No votes,BLANK,0,0,0,0,0,0,0,0,0
2130,3,146,1,1,117,1,1,0,1,271,Nirenberg,#2b83ba,0.011070111,0.538745387,0.003690037,0.003690037,0.431734317,0.003690037,0.003690037,0,0.003690037
2131,1,14,1,1,5,1,0,0,0,23,Nirenberg,#2b83ba,0.043478261,0.608695652,0.043478261,0.043478261,0.217391304,0.043478261,0,0,0
2132,0,0,0,0,0,0,0,0,0,0,No votes,BLANK,0,0,0,0,0,0,0,0,0
2133,1,17,0,0,29,0,0,1,0,48,Brockhouse,#7fc97f,0.020833333,0.354166667,0,0,0.604166667,0,0,0.020833333,0
2134,3,42,3,0,35,0,0,3,3,89,Nirenberg,#2b83ba,0.033707865,0.471910112,0.033707865,0,0.393258427,0,0,0.033707865,0.033707865
2135,0,36,0,0,18,0,1,0,0,55,Nirenberg,#2b83ba,0,0.654545455,0,0,0.327272727,0,0.018181818,0,0
2137,3,120,4,0,54,1,1,1,4,188,Nirenberg,#2b83ba,0.015957447,0.638297872,0.021276596,0,0.287234043,0.005319149,0.005319149,0.005319149,0.021276596
2138,1,97,0,1,66,2,1,1,0,169,Nirenberg,#2b83ba,0.00591716,0.573964497,0,0.00591716,0.390532544,0.01183432,0.00591716,0.00591716,0
2139,3,87,3,2,148,2,0,2,0,247,Brockhouse,#7fc97f,0.012145749,0.352226721,0.012145749,0.008097166,0.599190283,0.008097166,0,0.008097166,0
2140,6,69,0,2,75,4,0,0,2,158,Brockhouse,#7fc97f,0.037974684,0.436708861,0,0.012658228,0.474683544,0.025316456,0,0,0.012658228
2141,2,77,0,0,133,1,1,0,1,215,Brockhouse,#7fc97f,0.009302326,0.358139535,0,0,0.618604651,0.004651163,0.004651163,0,0.004651163
2142,1,18,0,0,24,0,0,1,0,44,Brockhouse,#7fc97f,0.022727273,0.409090909,0,0,0.545454545,0,0,0.022727273,0
2144,8,180,3,4,111,4,0,3,3,316,Nirenberg,#2b83ba,0.025316456,0.569620253,0.009493671,0.012658228,0.351265823,0.012658228,0,0.009493671,0.009493671
2145,1,27,0,0,38,1,0,0,0,67,Brockhouse,#7fc97f,0.014925373,0.402985075,0,0,0.567164179,0.014925373,0,0,0
2147,1,9,0,0,18,1,0,0,1,30,Brockhouse,#7fc97f,0.033333333,0.3,0,0,0.6,0.033333333,0,0,0.033333333
2148,1,170,4,0,86,4,1,1,4,271,Nirenberg,#2b83ba,0.003690037,0.627306273,0.014760148,0,0.317343173,0.014760148,0.003690037,0.003690037,0.014760148
2149,3,75,1,1,58,4,0,1,2,145,Nirenberg,#2b83ba,0.020689655,0.517241379,0.006896552,0.006896552,0.4,0.027586207,0,0.006896552,0.013793103
2150,0,0,0,0,0,0,0,0,0,0,No votes,BLANK,0,0,0,0,0,0,0,0,0
2151,0,1,0,0,0,0,0,0,0,1,Nirenberg,#2b83ba,0,1,0,0,0,0,0,0,0
2152,2,32,0,1,19,0,0,3,2,59,Nirenberg,#2b83ba,0.033898305,0.542372881,0,0.016949153,0.322033898,0,0,0.050847458,0.033898305
2153,0,13,2,0,6,1,0,0,0,22,Nirenberg,#2b83ba,0,0.590909091,0.090909091,0,0.272727273,0.045454545,0,0,0
2155,0,0,0,0,0,0,0,0,0,0,No votes,BLANK,0,0,0,0,0,0,0,0,0
2156,0,40,0,1,23,2,0,1,0,67,Nirenberg,#2b83ba,0,0.597014925,0,0.014925373,0.343283582,0.029850746,0,0.014925373,0
2157,0,0,0,0,0,0,0,0,0,0,No votes,BLANK,0,0,0,0,0,0,0,0,0
2159,0,12,0,0,13,0,0,0,0,25,Brockhouse,#7fc97f,0,0.48,0,0,0.52,0,0,0,0
2160,0,2,0,0,0,0,0,0,0,2,Nirenberg,#2b83ba,0,1,0,0,0,0,0,0,0
3001,5,176,4,3,222,5,0,0,1,416,Brockhouse,#7fc97f,0.012019231,0.423076923,0.009615385,0.007211538,0.533653846,0.012019231,0,0,0.002403846
3004,0,0,0,0,0,0,0,0,0,0,No votes,BLANK,0,0,0,0,0,0,0,0,0
3005,0,0,0,0,0,0,0,0,0,0,No votes,BLANK,0,0,0,0,0,0,0,0,0
3006,3,131,4,0,126,4,1,13,1,283,Nirenberg,#2b83ba,0.010600707,0.462897527,0.014134276,0,0.445229682,0.014134276,0.003533569,0.045936396,0.003533569
3007,3,139,6,1,213,4,1,3,2,372,Brockhouse,#7fc97f,0.008064516,0.373655914,0.016129032,0.002688172,0.572580645,0.010752688,0.002688172,0.008064516,0.005376344
3010,0,26,0,0,12,1,0,0,0,39,Nirenberg,#2b83ba,0,0.666666667,0,0,0.307692308,0.025641026,0,0,0
3011,3,184,2,0,94,1,1,6,1,292,Nirenberg,#2b83ba,0.010273973,0.630136986,0.006849315,0,0.321917808,0.003424658,0.003424658,0.020547945,0.003424658
3013,6,219,3,1,155,3,1,1,1,390,Nirenberg,#2b83ba,0.015384615,0.561538462,0.007692308,0.002564103,0.397435897,0.007692308,0.002564103,0.002564103,0.002564103
3014,2,42,0,0,66,1,1,2,0,114,Brockhouse,#7fc97f,0.01754386,0.368421053,0,0,0.578947368,0.00877193,0.00877193,0.01754386,0
3015,3,123,2,0,101,1,1,5,2,238,Nirenberg,#2b83ba,0.012605042,0.516806723,0.008403361,0,0.424369748,0.004201681,0.004201681,0.021008403,0.008403361
3016,3,23,1,0,25,1,0,0,0,53,Brockhouse,#7fc97f,0.056603774,0.433962264,0.018867925,0,0.471698113,0.018867925,0,0,0
3019,1,23,0,1,12,1,0,1,1,40,Nirenberg,#2b83ba,0.025,0.575,0,0.025,0.3,0.025,0,0.025,0.025
3021,0,0,0,0,0,0,0,0,0,0,No votes,BLANK,0,0,0,0,0,0,0,0,0
3023,2,178,2,1,178,7,1,5,11,385,Tie,#ffff99,0.005194805,0.462337662,0.005194805,0.002597403,0.462337662,0.018181818,0.002597403,0.012987013,0.028571429
3024,0,0,0,0,0,0,0,0,0,0,No votes,BLANK,0,0,0,0,0,0,0,0,0
3027,1,178,2,1,141,4,1,4,0,332,Nirenberg,#2b83ba,0.003012048,0.536144578,0.006024096,0.003012048,0.424698795,0.012048193,0.003012048,0.012048193,0
3028,7,86,4,1,170,2,2,4,3,279,Brockhouse,#7fc97f,0.025089606,0.308243728,0.014336918,0.003584229,0.609318996,0.007168459,0.007168459,0.014336918,0.010752688
3029,0,110,0,1,101,3,0,2,0,217,Nirenberg,#2b83ba,0,0.506912442,0,0.004608295,0.465437788,0.013824885,0,0.00921659,0
3030,4,265,1,4,281,5,0,1,1,562,Brockhouse,#7fc97f,0.007117438,0.471530249,0.001779359,0.007117438,0.5,0.008896797,0,0.001779359,0.001779359
3031,0,3,0,0,4,0,0,0,0,7,Brockhouse,#7fc97f,0,0.428571429,0,0,0.571428571,0,0,0,0
3032,3,121,4,1,86,2,1,2,1,221,Nirenberg,#2b83ba,0.013574661,0.547511312,0.018099548,0.004524887,0.389140271,0.009049774,0.004524887,0.009049774,0.004524887
3033,1,139,0,0,238,7,0,2,0,387,Brockhouse,#7fc97f,0.002583979,0.359173127,0,0,0.61498708,0.018087855,0,0.005167959,0
3035,0,74,1,2,53,1,0,3,1,135,Nirenberg,#2b83ba,0,0.548148148,0.007407407,0.014814815,0.392592593,0.007407407,0,0.022222222,0.007407407
3036,5,190,2,4,178,3,0,1,4,387,Nirenberg,#2b83ba,0.012919897,0.490956072,0.005167959,0.010335917,0.45994832,0.007751938,0,0.002583979,0.010335917
3037,2,207,9,0,253,9,2,3,7,492,Brockhouse,#7fc97f,0.004065041,0.420731707,0.018292683,0,0.514227642,0.018292683,0.004065041,0.006097561,0.014227642
3039,0,0,0,0,0,0,0,0,0,0,No votes,BLANK,0,0,0,0,0,0,0,0,0
3040,1,134,1,1,206,5,0,0,3,351,Brockhouse,#7fc97f,0.002849003,0.381766382,0.002849003,0.002849003,0.586894587,0.014245014,0,0,0.008547009
3042,3,125,1,1,207,5,0,1,1,344,Brockhouse,#7fc97f,0.00872093,0.363372093,0.002906977,0.002906977,0.601744186,0.014534884,0,0.002906977,0.002906977
3044,5,119,1,0,132,0,1,1,0,259,Brockhouse,#7fc97f,0.019305019,0.459459459,0.003861004,0,0.50965251,0,0.003861004,0.003861004,0
3045,6,123,1,0,164,5,0,0,1,300,Brockhouse,#7fc97f,0.02,0.41,0.003333333,0,0.546666667,0.016666667,0,0,0.003333333
3046,2,192,0,1,149,4,0,1,0,349,Nirenberg,#2b83ba,0.005730659,0.550143266,0,0.00286533,0.426934097,0.011461318,0,0.00286533,0
3047,2,261,2,2,185,0,0,2,2,456,Nirenberg,#2b83ba,0.004385965,0.572368421,0.004385965,0.004385965,0.405701754,0,0,0.004385965,0.004385965
3048,4,253,5,3,156,2,0,3,0,426,Nirenberg,#2b83ba,0.009389671,0.593896714,0.011737089,0.007042254,0.366197183,0.004694836,0,0.007042254,0
3049,4,307,2,0,296,10,0,2,1,622,Nirenberg,#2b83ba,0.006430868,0.493569132,0.003215434,0,0.475884244,0.01607717,0,0.003215434,0.001607717
3050,0,134,2,0,110,7,0,0,0,253,Nirenberg,#2b83ba,0,0.529644269,0.007905138,0,0.434782609,0.027667984,0,0,0
3052,11,175,5,1,390,12,0,1,1,596,Brockhouse,#7fc97f,0.018456376,0.293624161,0.008389262,0.001677852,0.654362416,0.020134228,0,0.001677852,0.001677852
3053,1,238,1,2,97,5,0,3,1,348,Nirenberg,#2b83ba,0.002873563,0.683908046,0.002873563,0.005747126,0.278735632,0.014367816,0,0.00862069,0.002873563
3054,5,173,0,0,134,4,2,1,5,324,Nirenberg,#2b83ba,0.015432099,0.533950617,0,0,0.413580247,0.012345679,0.00617284,0.00308642,0.015432099
3056,3,103,0,4,85,3,0,2,1,201,Nirenberg,#2b83ba,0.014925373,0.512437811,0,0.019900498,0.422885572,0.014925373,0,0.009950249,0.004975124
3057,0,70,2,0,48,0,0,3,0,123,Nirenberg,#2b83ba,0,0.569105691,0.016260163,0,0.390243902,0,0,0.024390244,0
3058,3,165,0,1,163,2,1,6,1,342,Nirenberg,#2b83ba,0.00877193,0.48245614,0,0.002923977,0.476608187,0.005847953,0.002923977,0.01754386,0.002923977
3059,2,60,1,1,156,1,0,0,0,221,Brockhouse,#7fc97f,0.009049774,0.271493213,0.004524887,0.004524887,0.705882353,0.004524887,0,0,0
3060,3,160,5,2,177,9,2,2,3,363,Brockhouse,#7fc97f,0.008264463,0.44077135,0.013774105,0.005509642,0.487603306,0.024793388,0.005509642,0.005509642,0.008264463
3061,5,111,4,0,133,2,0,1,2,258,Brockhouse,#7fc97f,0.019379845,0.430232558,0.015503876,0,0.515503876,0.007751938,0,0.003875969,0.007751938
3062,1,3,0,0,1,1,0,0,0,6,Nirenberg,#2b83ba,0.166666667,0.5,0,0,0.166666667,0.166666667,0,0,0
3063,6,199,1,3,188,7,0,2,1,407,Nirenberg,#2b83ba,0.014742015,0.488943489,0.002457002,0.007371007,0.461916462,0.017199017,0,0.004914005,0.002457002
3064,1,45,0,1,45,1,0,0,0,93,Tie,#ffff99,0.010752688,0.483870968,0,0.010752688,0.483870968,0.010752688,0,0,0
3065,2,1,0,0,0,0,0,0,0,3,Velasquez,#d7191c,0.666666667,0.333333333,0,0,0,0,0,0,0
3066,1,218,8,0,188,9,0,5,0,429,Nirenberg,#2b83ba,0.002331002,0.508158508,0.018648019,0,0.438228438,0.020979021,0,0.011655012,0
3068,4,106,7,1,81,1,1,2,2,205,Nirenberg,#2b83ba,0.019512195,0.517073171,0.034146341,0.004878049,0.395121951,0.004878049,0.004878049,0.009756098,0.009756098
3069,2,472,3,3,302,3,0,11,4,800,Nirenberg,#2b83ba,0.0025,0.59,0.00375,0.00375,0.3775,0.00375,0,0.01375,0.005
3070,6,424,1,0,288,9,0,8,6,742,Nirenberg,#2b83ba,0.008086253,0.571428571,0.001347709,0,0.388140162,0.01212938,0,0.010781671,0.008086253
3071,7,260,4,1,200,4,0,4,11,491,Nirenberg,#2b83ba,0.014256619,0.529531568,0.00814664,0.00203666,0.407331976,0.00814664,0,0.00814664,0.022403259
3072,0,2,0,0,1,0,0,0,0,3,Nirenberg,#2b83ba,0,0.666666667,0,0,0.333333333,0,0,0,0
3073,2,177,1,1,89,1,0,4,0,275,Nirenberg,#2b83ba,0.007272727,0.643636364,0.003636364,0.003636364,0.323636364,0.003636364,0,0.014545455,0
3074,7,358,0,1,322,2,2,6,4,702,Nirenberg,#2b83ba,0.00997151,0.50997151,0,0.001424501,0.458689459,0.002849003,0.002849003,0.008547009,0.005698006
3076,0,153,2,0,210,4,0,2,0,371,Brockhouse,#7fc97f,0,0.412398922,0.005390836,0,0.566037736,0.010781671,0,0.005390836,0
3077,3,374,3,1,316,1,0,3,1,702,Nirenberg,#2b83ba,0.004273504,0.532763533,0.004273504,0.001424501,0.45014245,0.001424501,0,0.004273504,0.001424501
3078,6,258,2,2,308,7,1,6,2,592,Brockhouse,#7fc97f,0.010135135,0.435810811,0.003378378,0.003378378,0.52027027,0.011824324,0.001689189,0.010135135,0.003378378
3079,4,371,3,1,343,4,1,5,1,733,Nirenberg,#2b83ba,0.005457026,0.506139154,0.004092769,0.001364256,0.467939973,0.005457026,0.001364256,0.006821282,0.001364256
3080,2,103,1,1,122,1,0,0,1,231,Brockhouse,#7fc97f,0.008658009,0.445887446,0.004329004,0.004329004,0.528138528,0.004329004,0,0,0.004329004
3081,3,189,8,3,238,6,0,1,2,450,Brockhouse,#7fc97f,0.006666667,0.42,0.017777778,0.006666667,0.528888889,0.013333333,0,0.002222222,0.004444444
3082,3,151,4,1,220,5,1,2,2,389,Brockhouse,#7fc97f,0.007712082,0.388174807,0.010282776,0.002570694,0.565552699,0.01285347,0.002570694,0.005141388,0.005141388
3083,3,138,3,1,188,1,0,1,2,337,Brockhouse,#7fc97f,0.008902077,0.409495549,0.008902077,0.002967359,0.557863501,0.002967359,0,0.002967359,0.005934718
3084,6,168,5,2,310,5,1,0,3,500,Brockhouse,#7fc97f,0.012,0.336,0.01,0.004,0.62,0.01,0.002,0,0.006
3085,7,87,0,2,121,3,0,0,2,222,Brockhouse,#7fc97f,0.031531532,0.391891892,0,0.009009009,0.545045045,0.013513514,0,0,0.009009009
3086,2,243,6,2,246,3,1,2,1,506,Brockhouse,#7fc97f,0.003952569,0.480237154,0.011857708,0.003952569,0.486166008,0.005928854,0.001976285,0.003952569,0.001976285
3087,2,73,3,1,148,0,0,5,2,234,Brockhouse,#7fc97f,0.008547009,0.311965812,0.012820513,0.004273504,0.632478632,0,0,0.021367521,0.008547009
3088,3,195,2,0,278,10,0,1,0,489,Brockhouse,#7fc97f,0.006134969,0.398773006,0.00408998,0,0.568507157,0.020449898,0,0.00204499,0
3090,4,205,2,3,317,4,1,3,1,540,Brockhouse,#7fc97f,0.007407407,0.37962963,0.003703704,0.005555556,0.587037037,0.007407407,0.001851852,0.005555556,0.001851852
3093,4,288,5,7,447,9,1,1,4,766,Brockhouse,#7fc97f,0.005221932,0.375979112,0.006527415,0.009138381,0.583550914,0.011749347,0.001305483,0.001305483,0.005221932
3094,4,209,1,2,272,10,1,1,1,501,Brockhouse,#7fc97f,0.007984032,0.417165669,0.001996008,0.003992016,0.542914172,0.01996008,0.001996008,0.001996008,0.001996008
3095,2,96,0,0,81,1,1,5,0,186,Nirenberg,#2b83ba,0.010752688,0.516129032,0,0,0.435483871,0.005376344,0.005376344,0.02688172,0
3096,0,7,0,0,4,0,0,0,0,11,Nirenberg,#2b83ba,0,0.636363636,0,0,0.363636364,0,0,0,0
3098,1,139,1,1,148,1,0,3,1,295,Brockhouse,#7fc97f,0.003389831,0.471186441,0.003389831,0.003389831,0.501694915,0.003389831,0,0.010169492,0.003389831
3099,5,167,0,2,223,3,3,5,1,409,Brockhouse,#7fc97f,0.012224939,0.408312958,0,0.004889976,0.545232274,0.007334963,0.007334963,0.012224939,0.002444988
3100,9,130,1,1,224,3,1,4,1,374,Brockhouse,#7fc97f,0.024064171,0.347593583,0.002673797,0.002673797,0.598930481,0.00802139,0.002673797,0.010695187,0.002673797
3101,3,176,0,1,173,10,0,2,3,368,Nirenberg,#2b83ba,0.008152174,0.47826087,0,0.002717391,0.470108696,0.027173913,0,0.005434783,0.008152174
3102,4,300,5,1,302,7,0,7,0,626,Brockhouse,#7fc97f,0.006389776,0.479233227,0.00798722,0.001597444,0.482428115,0.011182109,0,0.011182109,0
3103,2,23,0,0,32,0,0,1,1,59,Brockhouse,#7fc97f,0.033898305,0.389830508,0,0,0.542372881,0,0,0.016949153,0.016949153
3104,6,281,5,1,325,10,1,5,1,635,Brockhouse,#7fc97f,0.009448819,0.442519685,0.007874016,0.001574803,0.511811024,0.015748031,0.001574803,0.007874016,0.001574803
3105,5,170,0,3,260,11,0,2,2,453,Brockhouse,#7fc97f,0.011037528,0.375275938,0,0.006622517,0.573951435,0.024282561,0,0.004415011,0.004415011
3107,6,109,2,0,87,6,0,2,2,214,Nirenberg,#2b83ba,0.028037383,0.509345794,0.009345794,0,0.406542056,0.028037383,0,0.009345794,0.009345794
3108,0,122,1,1,206,2,0,2,0,334,Brockhouse,#7fc97f,0,0.365269461,0.002994012,0.002994012,0.616766467,0.005988024,0,0.005988024,0
3109,8,139,1,0,196,5,1,4,5,359,Brockhouse,#7fc97f,0.022284123,0.38718663,0.002785515,0,0.545961003,0.013927577,0.002785515,0.011142061,0.013927577
3110,3,127,4,1,225,9,1,0,4,374,Brockhouse,#7fc97f,0.00802139,0.339572193,0.010695187,0.002673797,0.601604278,0.024064171,0.002673797,0,0.010695187
3111,0,0,0,0,1,0,0,0,0,1,Brockhouse,#7fc97f,0,0,0,0,1,0,0,0,0
3112,5,87,2,0,66,1,0,0,1,162,Nirenberg,#2b83ba,0.030864198,0.537037037,0.012345679,0,0.407407407,0.00617284,0,0,0.00617284
3113,1,38,2,0,32,2,0,0,1,76,Nirenberg,#2b83ba,0.013157895,0.5,0.026315789,0,0.421052632,0.026315789,0,0,0.013157895
3114,1,205,0,0,329,7,0,2,3,547,Brockhouse,#7fc97f,0.001828154,0.374771481,0,0,0.601462523,0.012797075,0,0.003656307,0.005484461
3115,1,333,3,2,186,5,1,9,1,541,Nirenberg,#2b83ba,0.001848429,0.615526802,0.005545287,0.003696858,0.343807763,0.009242144,0.001848429,0.01663586,0.001848429
3116,2,166,1,0,146,5,1,1,2,324,Nirenberg,#2b83ba,0.00617284,0.512345679,0.00308642,0,0.450617284,0.015432099,0.00308642,0.00308642,0.00617284
3117,7,354,7,3,445,15,0,6,3,840,Brockhouse,#7fc97f,0.008333333,0.421428571,0.008333333,0.003571429,0.529761905,0.017857143,0,0.007142857,0.003571429
3118,2,103,2,0,91,0,0,1,1,200,Nirenberg,#2b83ba,0.01,0.515,0.01,0,0.455,0,0,0.005,0.005
3119,3,272,2,2,275,13,0,2,1,570,Brockhouse,#7fc97f,0.005263158,0.477192982,0.003508772,0.003508772,0.48245614,0.022807018,0,0.003508772,0.001754386
3120,4,147,1,0,224,3,0,1,3,383,Brockhouse,#7fc97f,0.010443864,0.38381201,0.002610966,0,0.584856397,0.007832898,0,0.002610966,0.007832898
3121,7,173,3,2,277,6,0,0,2,470,Brockhouse,#7fc97f,0.014893617,0.368085106,0.006382979,0.004255319,0.589361702,0.012765957,0,0,0.004255319
3122,5,185,2,1,199,5,0,0,3,400,Brockhouse,#7fc97f,0.0125,0.4625,0.005,0.0025,0.4975,0.0125,0,0,0.0075
3123,0,0,0,0,0,0,0,0,0,0,No votes,BLANK,0,0,0,0,0,0,0,0,0
3125,0,0,0,0,0,0,0,0,0,0,No votes,BLANK,0,0,0,0,0,0,0,0,0
3127,8,201,4,3,236,8,0,1,3,464,Brockhouse,#7fc97f,0.017241379,0.433189655,0.00862069,0.006465517,0.50862069,0.017241379,0,0.002155172,0.006465517
3129,3,195,2,1,212,1,2,1,3,420,Brockhouse,#7fc97f,0.007142857,0.464285714,0.004761905,0.002380952,0.504761905,0.002380952,0.004761905,0.002380952,0.007142857
3130,0,178,1,3,250,2,1,0,0,435,Brockhouse,#7fc97f,0,0.409195402,0.002298851,0.006896552,0.574712644,0.004597701,0.002298851,0,0
3131,0,0,0,0,0,0,0,0,0,0,No votes,BLANK,0,0,0,0,0,0,0,0,0
3132,2,51,1,0,40,0,1,0,1,96,Nirenberg,#2b83ba,0.020833333,0.53125,0.010416667,0,0.416666667,0,0.010416667,0,0.010416667
3134,8,126,3,0,113,2,2,1,2,257,Nirenberg,#2b83ba,0.031128405,0.490272374,0.011673152,0,0.439688716,0.007782101,0.007782101,0.003891051,0.007782101
3135,1,100,1,0,59,2,0,3,0,166,Nirenberg,#2b83ba,0.006024096,0.602409639,0.006024096,0,0.355421687,0.012048193,0,0.018072289,0
3136,0,62,0,0,60,2,0,4,1,129,Nirenberg,#2b83ba,0,0.480620155,0,0,0.465116279,0.015503876,0,0.031007752,0.007751938
3137,0,4,0,0,3,0,0,0,0,7,Nirenberg,#2b83ba,0,0.571428571,0,0,0.428571429,0,0,0,0
3138,0,2,0,0,7,0,0,0,0,9,Brockhouse,#7fc97f,0,0.222222222,0,0,0.777777778,0,0,0,0
3139,4,100,0,1,90,4,0,1,0,200,Nirenberg,#2b83ba,0.02,0.5,0,0.005,0.45,0.02,0,0.005,0
3140,3,31,2,0,30,1,0,0,0,67,Nirenberg,#2b83ba,0.044776119,0.462686567,0.029850746,0,0.447761194,0.014925373,0,0,0
3141,2,116,4,0,106,2,0,5,3,238,Nirenberg,#2b83ba,0.008403361,0.487394958,0.016806723,0,0.445378151,0.008403361,0,0.021008403,0.012605042
3142,0,9,0,0,6,0,0,0,0,15,Nirenberg,#2b83ba,0,0.6,0,0,0.4,0,0,0,0
3143,4,131,2,0,137,1,0,1,2,278,Brockhouse,#7fc97f,0.014388489,0.471223022,0.007194245,0,0.492805755,0.003597122,0,0.003597122,0.007194245
3145,4,189,1,3,227,3,0,1,2,430,Brockhouse,#7fc97f,0.009302326,0.439534884,0.002325581,0.006976744,0.527906977,0.006976744,0,0.002325581,0.004651163
3146,8,251,2,2,206,5,0,1,1,476,Nirenberg,#2b83ba,0.016806723,0.527310924,0.004201681,0.004201681,0.432773109,0.010504202,0,0.00210084,0.00210084
3147,3,239,3,1,197,11,0,1,5,460,Nirenberg,#2b83ba,0.006521739,0.519565217,0.006521739,0.002173913,0.42826087,0.023913043,0,0.002173913,0.010869565
3149,5,33,3,1,8,1,0,1,0,52,Nirenberg,#2b83ba,0.096153846,0.634615385,0.057692308,0.019230769,0.153846154,0.019230769,0,0.019230769,0
3150,0,5,0,0,3,0,0,0,0,8,Nirenberg,#2b83ba,0,0.625,0,0,0.375,0,0,0,0
3151,1,255,1,0,338,7,0,2,1,605,Brockhouse,#7fc97f,0.001652893,0.421487603,0.001652893,0,0.558677686,0.011570248,0,0.003305785,0.001652893
3152,2,56,0,0,24,3,0,0,0,85,Nirenberg,#2b83ba,0.023529412,0.658823529,0,0,0.282352941,0.035294118,0,0,0
3153,2,126,3,0,137,3,0,0,0,271,Brockhouse,#7fc97f,0.007380074,0.464944649,0.011070111,0,0.505535055,0.011070111,0,0,0
3154,2,189,5,2,258,6,0,3,2,467,Brockhouse,#7fc97f,0.004282655,0.404710921,0.010706638,0.004282655,0.552462527,0.012847966,0,0.006423983,0.004282655
3155,4,154,0,2,268,1,0,1,1,431,Brockhouse,#7fc97f,0.009280742,0.357308585,0,0.004640371,0.621809745,0.002320186,0,0.002320186,0.002320186
3156,0,2,0,0,2,0,0,0,0,4,Tie,#ffff99,0,0.5,0,0,0.5,0,0,0,0
3157,6,244,3,1,308,5,1,1,2,571,Brockhouse,#7fc97f,0.010507881,0.42732049,0.00525394,0.001751313,0.539404553,0.008756567,0.001751313,0.001751313,0.003502627
3159,5,124,2,1,110,1,1,2,4,250,Nirenberg,#2b83ba,0.02,0.496,0.008,0.004,0.44,0.004,0.004,0.008,0.016
3161,4,134,2,0,150,3,0,1,1,295,Brockhouse,#7fc97f,0.013559322,0.454237288,0.006779661,0,0.508474576,0.010169492,0,0.003389831,0.003389831
3162,5,74,2,0,81,1,0,1,2,166,Brockhouse,#7fc97f,0.030120482,0.445783133,0.012048193,0,0.487951807,0.006024096,0,0.006024096,0.012048193
3163,3,125,0,3,310,10,1,0,1,453,Brockhouse,#7fc97f,0.006622517,0.27593819,0,0.006622517,0.684326711,0.022075055,0.002207506,0,0.002207506
3164,0,0,0,0,0,0,0,0,0,0,No votes,BLANK,0,0,0,0,0,0,0,0,0
3165,11,248,5,2,390,7,2,2,3,670,Brockhouse,#7fc97f,0.01641791,0.370149254,0.007462687,0.002985075,0.582089552,0.010447761,0.002985075,0.002985075,0.004477612
3166,2,79,0,0,48,0,0,4,3,136,Nirenberg,#2b83ba,0.014705882,0.580882353,0,0,0.352941176,0,0,0.029411765,0.022058824
3167,0,0,0,0,0,0,0,0,0,0,No votes,BLANK,0,0,0,0,0,0,0,0,0
3168,0,5,1,0,2,0,0,0,0,8,Nirenberg,#2b83ba,0,0.625,0.125,0,0.25,0,0,0,0
3170,0,0,0,0,0,0,0,0,0,0,No votes,BLANK,0,0,0,0,0,0,0,0,0
3172,0,32,1,0,31,1,0,2,2,69,Nirenberg,#2b83ba,0,0.463768116,0.014492754,0,0.449275362,0.014492754,0,0.028985507,0.028985507
3173,7,162,0,2,296,6,0,2,0,475,Brockhouse,#7fc97f,0.014736842,0.341052632,0,0.004210526,0.623157895,0.012631579,0,0.004210526,0
3175,2,69,0,0,58,0,0,2,1,132,Nirenberg,#2b83ba,0.015151515,0.522727273,0,0,0.439393939,0,0,0.015151515,0.007575758
3177,0,0,0,0,0,0,0,0,0,0,No votes,BLANK,0,0,0,0,0,0,0,0,0
3178,0,0,0,0,0,0,0,0,0,0,No votes,BLANK,0,0,0,0,0,0,0,0,0
3179,0,0,0,0,0,0,0,0,0,0,No votes,BLANK,0,0,0,0,0,0,0,0,0
3180,0,85,1,1,102,2,0,0,1,192,Brockhouse,#7fc97f,0,0.442708333,0.005208333,0.005208333,0.53125,0.010416667,0,0,0.005208333
3181,6,152,3,0,237,7,0,3,6,414,Brockhouse,#7fc97f,0.014492754,0.367149758,0.007246377,0,0.572463768,0.016908213,0,0.007246377,0.014492754
3182,0,110,2,1,81,2,0,2,0,198,Nirenberg,#2b83ba,0,0.555555556,0.01010101,0.005050505,0.409090909,0.01010101,0,0.01010101,0
3188,0,0,0,0,0,0,0,0,0,0,No votes,BLANK,0,0,0,0,0,0,0,0,0
3189,0,0,0,0,0,0,0,0,0,0,No votes,BLANK,0,0,0,0,0,0,0,0,0
3190,0,0,0,0,0,0,0,0,0,0,No votes,BLANK,0,0,0,0,0,0,0,0,0
3192,0,0,0,0,0,0,0,0,0,0,No votes,BLANK,0,0,0,0,0,0,0,0,0
3193,0,23,0,0,14,0,0,0,0,37,Nirenberg,#2b83ba,0,0.621621622,0,0,0.378378378,0,0,0,0
3195,3,54,0,0,52,0,0,0,3,112,Nirenberg,#2b83ba,0.026785714,0.482142857,0,0,0.464285714,0,0,0,0.026785714
3197,0,0,0,0,0,0,0,0,0,0,No votes,BLANK,0,0,0,0,0,0,0,0,0
3198,2,35,0,0,38,1,1,0,0,77,Brockhouse,#7fc97f,0.025974026,0.454545455,0,0,0.493506494,0.012987013,0.012987013,0,0
3200,0,0,0,0,0,0,0,0,0,0,No votes,BLANK,0,0,0,0,0,0,0,0,0
3201,0,0,0,0,1,0,0,0,0,1,Brockhouse,#7fc97f,0,0,0,0,1,0,0,0,0
3204,0,0,0,0,0,0,0,0,0,0,No votes,BLANK,0,0,0,0,0,0,0,0,0
3205,0,0,0,0,0,0,0,0,0,0,No votes,BLANK,0,0,0,0,0,0,0,0,0
3206,0,23,0,0,4,0,0,0,0,27,Nirenberg,#2b83ba,0,0.851851852,0,0,0.148148148,0,0,0,0
3207,0,0,0,0,0,0,0,0,0,0,No votes,BLANK,0,0,0,0,0,0,0,0,0
3208,0,10,0,0,6,0,0,0,0,16,Nirenberg,#2b83ba,0,0.625,0,0,0.375,0,0,0,0
4001,4,291,3,1,85,2,0,0,1,387,Nirenberg,#2b83ba,0.010335917,0.751937984,0.007751938,0.002583979,0.219638243,0.005167959,0,0,0.002583979
4002,0,28,2,0,26,0,0,0,2,58,Nirenberg,#2b83ba,0,0.482758621,0.034482759,0,0.448275862,0,0,0,0.034482759
4003,2,44,1,0,34,1,0,0,2,84,Nirenberg,#2b83ba,0.023809524,0.523809524,0.011904762,0,0.404761905,0.011904762,0,0,0.023809524
4004,3,91,1,0,38,0,0,0,1,134,Nirenberg,#2b83ba,0.02238806,0.679104478,0.007462687,0,0.28358209,0,0,0,0.007462687
4005,5,141,4,0,72,0,0,2,5,229,Nirenberg,#2b83ba,0.021834061,0.615720524,0.017467249,0,0.31441048,0,0,0.008733624,0.021834061
4006,1,50,0,0,12,1,0,1,0,65,Nirenberg,#2b83ba,0.015384615,0.769230769,0,0,0.184615385,0.015384615,0,0.015384615,0
4007,0,8,0,0,16,0,1,1,1,27,Brockhouse,#7fc97f,0,0.296296296,0,0,0.592592593,0,0.037037037,0.037037037,0.037037037
4008,1,83,0,0,39,3,0,0,1,127,Nirenberg,#2b83ba,0.007874016,0.653543307,0,0,0.307086614,0.023622047,0,0,0.007874016
4009,2,29,1,2,26,1,0,0,3,64,Nirenberg,#2b83ba,0.03125,0.453125,0.015625,0.03125,0.40625,0.015625,0,0,0.046875
4010,4,49,0,0,36,1,1,1,4,96,Nirenberg,#2b83ba,0.041666667,0.510416667,0,0,0.375,0.010416667,0.010416667,0.010416667,0.041666667
4011,3,35,2,1,45,2,1,0,4,93,Brockhouse,#7fc97f,0.032258065,0.376344086,0.021505376,0.010752688,0.483870968,0.021505376,0.010752688,0,0.043010753
4012,1,32,1,1,15,0,0,0,2,52,Nirenberg,#2b83ba,0.019230769,0.615384615,0.019230769,0.019230769,0.288461538,0,0,0,0.038461538
4013,2,49,1,1,31,0,0,0,2,86,Nirenberg,#2b83ba,0.023255814,0.569767442,0.011627907,0.011627907,0.360465116,0,0,0,0.023255814
4014,3,22,0,0,11,1,0,0,1,38,Nirenberg,#2b83ba,0.078947368,0.578947368,0,0,0.289473684,0.026315789,0,0,0.026315789
4015,2,194,2,1,57,1,2,0,4,263,Nirenberg,#2b83ba,0.007604563,0.737642586,0.007604563,0.003802281,0.216730038,0.003802281,0.007604563,0,0.015209125
4016,8,170,4,0,100,2,2,2,8,296,Nirenberg,#2b83ba,0.027027027,0.574324324,0.013513514,0,0.337837838,0.006756757,0.006756757,0.006756757,0.027027027
4017,5,289,5,1,60,3,0,3,1,367,Nirenberg,#2b83ba,0.013623978,0.78746594,0.013623978,0.002724796,0.163487738,0.008174387,0,0.008174387,0.002724796
4018,1,276,0,2,53,0,1,2,1,336,Nirenberg,#2b83ba,0.00297619,0.821428571,0,0.005952381,0.157738095,0,0.00297619,0.005952381,0.00297619
4019,4,93,0,1,118,1,1,2,4,224,Brockhouse,#7fc97f,0.017857143,0.415178571,0,0.004464286,0.526785714,0.004464286,0.004464286,0.008928571,0.017857143
4020,0,36,0,0,45,0,2,0,1,84,Brockhouse,#7fc97f,0,0.428571429,0,0,0.535714286,0,0.023809524,0,0.011904762
4021,1,40,2,1,56,3,1,0,1,105,Brockhouse,#7fc97f,0.00952381,0.380952381,0.019047619,0.00952381,0.533333333,0.028571429,0.00952381,0,0.00952381
4022,0,2,1,1,3,0,0,0,0,7,Brockhouse,#7fc97f,0,0.285714286,0.142857143,0.142857143,0.428571429,0,0,0,0
4023,8,121,0,0,169,3,0,2,3,306,Brockhouse,#7fc97f,0.026143791,0.395424837,0,0,0.552287582,0.009803922,0,0.006535948,0.009803922
4024,6,153,1,0,164,3,2,0,7,336,Brockhouse,#7fc97f,0.017857143,0.455357143,0.00297619,0,0.488095238,0.008928571,0.005952381,0,0.020833333
4025,2,65,2,1,59,2,2,4,2,139,Nirenberg,#2b83ba,0.014388489,0.467625899,0.014388489,0.007194245,0.424460432,0.014388489,0.014388489,0.028776978,0.014388489
4026,5,145,0,2,147,2,4,1,3,309,Brockhouse,#7fc97f,0.01618123,0.469255663,0,0.006472492,0.475728155,0.006472492,0.012944984,0.003236246,0.009708738
4027,8,110,0,3,87,3,0,0,3,214,Nirenberg,#2b83ba,0.037383178,0.514018692,0,0.014018692,0.406542056,0.014018692,0,0,0.014018692
4028,6,203,5,3,140,0,5,2,9,373,Nirenberg,#2b83ba,0.016085791,0.544235925,0.013404826,0.008042895,0.375335121,0,0.013404826,0.00536193,0.024128686
4029,3,96,4,4,63,1,3,0,7,181,Nirenberg,#2b83ba,0.016574586,0.53038674,0.022099448,0.022099448,0.348066298,0.005524862,0.016574586,0,0.038674033
4030,1,12,0,0,17,0,1,2,0,33,Brockhouse,#7fc97f,0.03030303,0.363636364,0,0,0.515151515,0,0.03030303,0.060606061,0
4031,4,95,2,2,87,2,1,0,2,195,Nirenberg,#2b83ba,0.020512821,0.487179487,0.01025641,0.01025641,0.446153846,0.01025641,0.005128205,0,0.01025641
4032,4,108,2,1,101,2,1,2,1,222,Nirenberg,#2b83ba,0.018018018,0.486486486,0.009009009,0.004504505,0.454954955,0.009009009,0.004504505,0.009009009,0.004504505
4033,12,194,6,1,198,5,3,0,5,424,Brockhouse,#7fc97f,0.028301887,0.45754717,0.014150943,0.002358491,0.466981132,0.011792453,0.007075472,0,0.011792453
4034,4,83,3,3,116,1,0,3,5,218,Brockhouse,#7fc97f,0.018348624,0.380733945,0.013761468,0.013761468,0.532110092,0.004587156,0,0.013761468,0.02293578
4035,0,1,0,0,2,0,0,0,0,3,Brockhouse,#7fc97f,0,0.333333333,0,0,0.666666667,0,0,0,0
4036,14,145,4,2,167,5,3,5,6,351,Brockhouse,#7fc97f,0.03988604,0.413105413,0.011396011,0.005698006,0.475783476,0.014245014,0.008547009,0.014245014,0.017094017
4037,2,44,2,1,83,3,0,0,7,142,Brockhouse,#7fc97f,0.014084507,0.309859155,0.014084507,0.007042254,0.584507042,0.021126761,0,0,0.049295775
4038,3,320,2,2,163,1,0,0,4,495,Nirenberg,#2b83ba,0.006060606,0.646464646,0.004040404,0.004040404,0.329292929,0.002020202,0,0,0.008080808
4039,2,52,2,0,72,3,2,0,4,137,Brockhouse,#7fc97f,0.01459854,0.379562044,0.01459854,0,0.525547445,0.02189781,0.01459854,0,0.02919708
4040,5,67,0,1,64,1,0,0,1,139,Nirenberg,#2b83ba,0.035971223,0.482014388,0,0.007194245,0.460431655,0.007194245,0,0,0.007194245
4041,7,96,0,2,114,5,0,2,6,232,Brockhouse,#7fc97f,0.030172414,0.413793103,0,0.00862069,0.49137931,0.021551724,0,0.00862069,0.025862069
4042,0,3,0,0,3,0,0,0,0,6,Tie,#ffff99,0,0.5,0,0,0.5,0,0,0,0
4044,1,51,1,0,53,1,0,0,5,112,Brockhouse,#7fc97f,0.008928571,0.455357143,0.008928571,0,0.473214286,0.008928571,0,0,0.044642857
4045,12,131,2,1,167,0,1,4,3,321,Brockhouse,#7fc97f,0.037383178,0.408099688,0.00623053,0.003115265,0.520249221,0,0.003115265,0.012461059,0.009345794
4046,0,259,4,0,245,2,0,3,2,515,Nirenberg,#2b83ba,0,0.502912621,0.00776699,0,0.475728155,0.003883495,0,0.005825243,0.003883495
4047,7,129,3,2,100,3,1,0,2,247,Nirenberg,#2b83ba,0.028340081,0.522267206,0.012145749,0.008097166,0.4048583,0.012145749,0.004048583,0,0.008097166
4048,6,130,4,0,69,3,2,2,5,221,Nirenberg,#2b83ba,0.027149321,0.588235294,0.018099548,0,0.312217195,0.013574661,0.009049774,0.009049774,0.022624434
4049,1,69,1,1,77,3,1,3,1,157,Brockhouse,#7fc97f,0.006369427,0.439490446,0.006369427,0.006369427,0.49044586,0.01910828,0.006369427,0.01910828,0.006369427
4052,3,129,1,1,199,6,1,0,2,342,Brockhouse,#7fc97f,0.00877193,0.377192982,0.002923977,0.002923977,0.581871345,0.01754386,0.002923977,0,0.005847953
4062,0,19,1,0,39,0,2,1,0,62,Brockhouse,#7fc97f,0,0.306451613,0.016129032,0,0.629032258,0,0.032258065,0.016129032,0
4063,2,33,0,1,36,1,0,0,1,74,Brockhouse,#7fc97f,0.027027027,0.445945946,0,0.013513514,0.486486486,0.013513514,0,0,0.013513514
4065,4,82,7,0,104,4,3,1,5,210,Brockhouse,#7fc97f,0.019047619,0.39047619,0.033333333,0,0.495238095,0.019047619,0.014285714,0.004761905,0.023809524
4068,2,9,0,0,10,2,1,0,0,24,Brockhouse,#7fc97f,0.083333333,0.375,0,0,0.416666667,0.083333333,0.041666667,0,0
4070,3,160,3,0,148,4,1,4,4,327,Nirenberg,#2b83ba,0.009174312,0.489296636,0.009174312,0,0.452599388,0.012232416,0.003058104,0.012232416,0.012232416
4075,1,59,0,1,23,0,0,0,5,89,Nirenberg,#2b83ba,0.011235955,0.662921348,0,0.011235955,0.258426966,0,0,0,0.056179775
4076,4,62,1,1,91,2,0,0,1,162,Brockhouse,#7fc97f,0.024691358,0.382716049,0.00617284,0.00617284,0.561728395,0.012345679,0,0,0.00617284
4077,4,97,3,7,106,6,2,1,1,227,Brockhouse,#7fc97f,0.017621145,0.427312775,0.013215859,0.030837004,0.466960352,0.026431718,0.008810573,0.004405286,0.004405286
4082,2,39,1,0,61,0,0,1,3,107,Brockhouse,#7fc97f,0.018691589,0.364485981,0.009345794,0,0.570093458,0,0,0.009345794,0.028037383
4084,1,12,0,0,24,0,0,1,1,39,Brockhouse,#7fc97f,0.025641026,0.307692308,0,0,0.615384615,0,0,0.025641026,0.025641026
4091,1,88,0,3,47,3,0,1,3,146,Nirenberg,#2b83ba,0.006849315,0.602739726,0,0.020547945,0.321917808,0.020547945,0,0.006849315,0.020547945
4093,6,111,0,0,140,5,1,0,1,264,Brockhouse,#7fc97f,0.022727273,0.420454545,0,0,0.53030303,0.018939394,0.003787879,0,0.003787879
4094,3,95,4,3,132,9,0,3,3,252,Brockhouse,#7fc97f,0.011904762,0.376984127,0.015873016,0.011904762,0.523809524,0.035714286,0,0.011904762,0.011904762
4095,1,102,2,2,133,3,1,2,4,250,Brockhouse,#7fc97f,0.004,0.408,0.008,0.008,0.532,0.012,0.004,0.008,0.016
4096,4,76,2,0,105,4,1,0,0,192,Brockhouse,#7fc97f,0.020833333,0.395833333,0.010416667,0,0.546875,0.020833333,0.005208333,0,0
4098,1,61,0,2,85,2,1,0,3,155,Brockhouse,#7fc97f,0.006451613,0.393548387,0,0.012903226,0.548387097,0.012903226,0.006451613,0,0.019354839
4099,0,37,0,1,71,1,3,0,3,116,Brockhouse,#7fc97f,0,0.318965517,0,0.00862069,0.612068966,0.00862069,0.025862069,0,0.025862069
4101,0,0,0,0,0,0,0,0,0,0,No votes,BLANK,0,0,0,0,0,0,0,0,0
4102,1,25,0,0,19,1,0,1,1,48,Nirenberg,#2b83ba,0.020833333,0.520833333,0,0,0.395833333,0.020833333,0,0.020833333,0.020833333
4103,0,0,0,0,0,0,0,0,0,0,No votes,BLANK,0,0,0,0,0,0,0,0,0
4104,1,40,0,2,108,4,0,1,4,160,Brockhouse,#7fc97f,0.00625,0.25,0,0.0125,0.675,0.025,0,0.00625,0.025
4106,1,17,1,0,16,0,0,0,1,36,Nirenberg,#2b83ba,0.027777778,0.472222222,0.027777778,0,0.444444444,0,0,0,0.027777778
4108,6,124,3,3,178,4,0,3,1,322,Brockhouse,#7fc97f,0.01863354,0.385093168,0.00931677,0.00931677,0.552795031,0.01242236,0,0.00931677,0.00310559
4110,0,170,5,0,36,3,0,1,2,217,Nirenberg,#2b83ba,0,0.783410138,0.023041475,0,0.165898618,0.013824885,0,0.004608295,0.00921659
4111,0,6,2,0,1,1,0,0,0,10,Nirenberg,#2b83ba,0,0.6,0.2,0,0.1,0.1,0,0,0
4112,1,141,0,0,80,9,2,0,1,234,Nirenberg,#2b83ba,0.004273504,0.602564103,0,0,0.341880342,0.038461538,0.008547009,0,0.004273504
4113,4,31,2,2,39,1,0,0,1,80,Brockhouse,#7fc97f,0.05,0.3875,0.025,0.025,0.4875,0.0125,0,0,0.0125
4115,0,18,1,0,10,0,0,0,0,29,Nirenberg,#2b83ba,0,0.620689655,0.034482759,0,0.344827586,0,0,0,0
4117,0,57,1,0,42,1,0,0,1,102,Nirenberg,#2b83ba,0,0.558823529,0.009803922,0,0.411764706,0.009803922,0,0,0.009803922
4119,2,53,0,0,12,3,0,0,3,73,Nirenberg,#2b83ba,0.02739726,0.726027397,0,0,0.164383562,0.04109589,0,0,0.04109589
4120,1,3,0,0,6,0,0,0,1,11,Brockhouse,#7fc97f,0.090909091,0.272727273,0,0,0.545454545,0,0,0,0.090909091
4122,0,22,0,0,1,0,0,0,0,23,Nirenberg,#2b83ba,0,0.956521739,0,0,0.043478261,0,0,0,0
4123,0,20,2,0,13,0,0,0,0,35,Nirenberg,#2b83ba,0,0.571428571,0.057142857,0,0.371428571,0,0,0,0
4124,8,75,4,1,69,1,2,0,4,164,Nirenberg,#2b83ba,0.048780488,0.457317073,0.024390244,0.006097561,0.420731707,0.006097561,0.012195122,0,0.024390244
4125,1,4,0,0,2,0,0,0,0,7,Nirenberg,#2b83ba,0.142857143,0.571428571,0,0,0.285714286,0,0,0,0
4127,1,1,0,0,1,0,0,0,0,3,Tie,#ffff99,0.333333333,0.333333333,0,0,0.333333333,0,0,0,0
4128,0,20,0,0,9,0,0,0,0,29,Nirenberg,#2b83ba,0,0.689655172,0,0,0.310344828,0,0,0,0
4131,0,7,2,0,6,0,0,0,0,15,Nirenberg,#2b83ba,0,0.466666667,0.133333333,0,0.4,0,0,0,0
4134,0,0,0,0,0,0,0,0,0,0,No votes,BLANK,0,0,0,0,0,0,0,0,0
4135,0,0,0,0,0,0,0,0,0,0,No votes,BLANK,0,0,0,0,0,0,0,0,0
4136,0,0,0,0,0,0,0,0,0,0,No votes,BLANK,0,0,0,0,0,0,0,0,0
4138,0,0,0,0,0,0,0,0,0,0,No votes,BLANK,0,0,0,0,0,0,0,0,0
4139,0,0,0,0,0,0,0,0,0,0,No votes,BLANK,0,0,0,0,0,0,0,0,0
4140,0,0,0,0,0,0,0,0,0,0,No votes,BLANK,0,0,0,0,0,0,0,0,0
4141,1,6,0,0,7,1,0,0,0,15,Brockhouse,#7fc97f,0.066666667,0.4,0,0,0.466666667,0.066666667,0,0,0
4142,0,8,1,1,10,2,0,0,3,25,Brockhouse,#7fc97f,0,0.32,0.04,0.04,0.4,0.08,0,0,0.12
4147,0,19,0,0,19,0,0,0,0,38,Tie,#ffff99,0,0.5,0,0,0.5,0,0,0,0
4148,0,10,0,0,8,0,0,1,0,19,Nirenberg,#2b83ba,0,0.526315789,0,0,0.421052632,0,0,0.052631579,0
4149,0,12,1,0,13,0,0,0,1,27,Brockhouse,#7fc97f,0,0.444444444,0.037037037,0,0.481481481,0,0,0,0.037037037
4153,0,4,0,0,2,0,0,0,0,6,Nirenberg,#2b83ba,0,0.666666667,0,0,0.333333333,0,0,0,0
4154,0,24,0,2,48,3,0,0,1,78,Brockhouse,#7fc97f,0,0.307692308,0,0.025641026,0.615384615,0.038461538,0,0,0.012820513
4155,8,357,4,3,93,2,1,7,7,482,Nirenberg,#2b83ba,0.01659751,0.7406639,0.008298755,0.006224066,0.192946058,0.004149378,0.002074689,0.014522822,0.014522822
4156,2,16,0,0,28,1,1,0,1,49,Brockhouse,#7fc97f,0.040816327,0.326530612,0,0,0.571428571,0.020408163,0.020408163,0,0.020408163
4157,11,233,0,2,57,2,1,1,4,311,Nirenberg,#2b83ba,0.035369775,0.749196141,0,0.006430868,0.183279743,0.006430868,0.003215434,0.003215434,0.012861736
4159,0,0,0,0,0,0,0,0,1,1,Diaz,#beaed4,0,0,0,0,0,0,0,0,1
4161,0,13,0,0,5,0,0,0,0,18,Nirenberg,#2b83ba,0,0.722222222,0,0,0.277777778,0,0,0,0
4163,0,0,0,0,0,0,0,0,0,0,No votes,BLANK,0,0,0,0,0,0,0,0,0
4165,0,0,0,0,6,1,0,0,0,7,Brockhouse,#7fc97f,0,0,0,0,0.857142857,0.142857143,0,0,0
4166,0,2,0,0,18,0,0,0,0,20,Brockhouse,#7fc97f,0,0.1,0,0,0.9,0,0,0,0
4167,0,0,0,0,1,0,0,0,0,1,Brockhouse,#7fc97f,0,0,0,0,1,0,0,0,0
4169,0,17,0,0,29,0,0,1,0,47,Brockhouse,#7fc97f,0,0.361702128,0,0,0.617021277,0,0,0.021276596,0
4170,0,8,0,0,17,0,0,0,1,26,Brockhouse,#7fc97f,0,0.307692308,0,0,0.653846154,0,0,0,0.038461538
4171,2,73,0,1,105,2,1,0,2,186,Brockhouse,#7fc97f,0.010752688,0.392473118,0,0.005376344,0.564516129,0.010752688,0.005376344,0,0.010752688
4172,2,42,0,0,83,2,1,0,2,132,Brockhouse,#7fc97f,0.015151515,0.318181818,0,0,0.628787879,0.015151515,0.007575758,0,0.015151515
4173,2,80,1,1,102,4,0,1,1,192,Brockhouse,#7fc97f,0.010416667,0.416666667,0.005208333,0.005208333,0.53125,0.020833333,0,0.005208333,0.005208333
4174,1,48,4,2,69,1,0,0,1,126,Brockhouse,#7fc97f,0.007936508,0.380952381,0.031746032,0.015873016,0.547619048,0.007936508,0,0,0.007936508
4175,0,0,0,0,0,0,0,0,0,0,No votes,BLANK,0,0,0,0,0,0,0,0,0
4176,1,85,0,0,81,1,1,3,2,174,Nirenberg,#2b83ba,0.005747126,0.488505747,0,0,0.465517241,0.005747126,0.005747126,0.017241379,0.011494253
4177,0,1,0,0,1,0,0,0,0,2,Tie,#ffff99,0,0.5,0,0,0.5,0,0,0,0
4178,0,1,0,0,0,0,0,0,0,1,Nirenberg,#2b83ba,0,1,0,0,0,0,0,0,0
4179,7,133,3,5,214,4,0,4,1,371,Brockhouse,#7fc97f,0.018867925,0.358490566,0.008086253,0.013477089,0.576819407,0.010781671,0,0.010781671,0.002695418
4180,0,0,0,0,1,0,0,0,0,1,Brockhouse,#7fc97f,0,0,0,0,1,0,0,0,0
4181,0,0,0,0,0,0,0,0,0,0,No votes,BLANK,0,0,0,0,0,0,0,0,0
4183,0,18,0,0,3,0,0,1,0,22,Nirenberg,#2b83ba,0,0.818181818,0,0,0.136363636,0,0,0.045454545,0
4184,0,0,0,0,0,0,0,0,0,0,No votes,BLANK,0,0,0,0,0,0,0,0,0
4186,0,20,0,0,4,0,0,0,1,25,Nirenberg,#2b83ba,0,0.8,0,0,0.16,0,0,0,0.04
4190,0,0,0,0,0,0,0,0,0,0,No votes,BLANK,0,0,0,0,0,0,0,0,0
4193,0,0,0,1,0,0,0,0,0,1,Idrogo,#fdc086,0,0,0,1,0,0,0,0,0
4199,5,32,0,0,27,2,0,0,3,69,Nirenberg,#2b83ba,0.072463768,0.463768116,0,0,0.391304348,0.028985507,0,0,0.043478261
4200,7,154,0,1,145,0,2,0,1,310,Nirenberg,#2b83ba,0.022580645,0.496774194,0,0.003225806,0.467741935,0,0.006451613,0,0.003225806
4202,0,0,0,0,0,0,0,0,0,0,No votes,BLANK,0,0,0,0,0,0,0,0,0
4203,0,32,2,0,7,0,1,0,0,42,Nirenberg,#2b83ba,0,0.761904762,0.047619048,0,0.166666667,0,0.023809524,0,0
4204,0,0,0,0,0,0,0,0,0,0,No votes,BLANK,0,0,0,0,0,0,0,0,0
4205,1,4,0,0,8,0,0,0,0,13,Brockhouse,#7fc97f,0.076923077,0.307692308,0,0,0.615384615,0,0,0,0
4206,0,15,0,0,23,0,0,0,1,39,Brockhouse,#7fc97f,0,0.384615385,0,0,0.58974359,0,0,0,0.025641026
4207,0,0,0,0,0,0,0,0,0,0,No votes,BLANK,0,0,0,0,0,0,0,0,0
4208,0,0,0,0,0,0,0,0,0,0,No votes,BLANK,0,0,0,0,0,0,0,0,0
4210,0,0,0,0,2,0,0,0,0,2,Brockhouse,#7fc97f,0,0,0,0,1,0,0,0,0
4211,0,10,0,0,0,0,0,0,0,10,Nirenberg,#2b83ba,0,1,0,0,0,0,0,0,0
4212,0,0,0,0,0,0,0,0,0,0,No votes,BLANK,0,0,0,0,0,0,0,0,0
5555,0,0,0,0,0,0,0,0,0,0,No votes,BLANK,0,0,0,0,0,0,0,0,0