CAMPUS,camp.name,dist.name,county,camp.street,camp.city,camp.zip,low.gd,high.gd,region,aea,charter,magnet,peg,all.stud,black.pct,amer.ind.pct,asian.pct,hisp.pct,pac.isld.pct,two.race.pct,white.pct,ecodis.pct,mobility.pct,r.all.cnt,m.all.cnt,r.notmeet.pct,r.approaches.pct,r.meets.pct,r.masters.pct,m.notmeet.pct,m.approaches.pct,m.meets.pct,m.masters.pct,sat.act.part.rate,avg.sat.total.score,avg.act.total.score,ap.ib.part.rate,ap.ib.above.criterion.rate,nceread,ncemath,avg.growth,eng1.all.cnt.2,eng1.meets.cnt.2,eng2.all.cnt.2,eng2.meets.cnt.2,alg1.all.cnt.2,alg1.meets.cnt.2,e.avg,a.avg,w.avg,stud.ach.grade,residuals,camp.perf.score,camp.perf.grade,growth.grade,g.rate.6yr,g.rate.5yr,g.rate.4yr,g.rate.car,college.rd,college.rd.grade,high.total.score.25.25.25.25,state.rank.25.25.25.25,total.grade.25.25.25.25,region.rank
15907023,YOUNG WOMEN'S LEADERSHIP ACADEMY,SAN ANTONIO ISD,BEXAR COUNTY,2123 W HUISACHE AVE,SAN ANTONIO,78201,6,12,20,N,N,NO,N,445,3.146067416,0.449438202,1.123595506,91.23595506,0,0.674157303,3.370786517,53.25842697,8.8,179,194,1.675977654,98.32402235,87.15083799,54.18994413,0.515463918,99.48453608,89.69072165,57.73195876,100,1659,23.1,98.6,31.9,70.80786896,61.94006348,66.37396622,74,69,69,64,72,71,93.00699301,98.61111111,95.80905206,A,52.46485491,148.273907,A,A,0.961538462,0.976190476,0.979166667,0.979166667,91.22608387,A,100.4207523,6,A+,1
15916009,JUDSON EARLY COLLEGE ACADEMY,JUDSON ISD,BEXAR COUNTY,8230 PALISADES,LIVE OAK,78233,9,12,20,N,N,NO,N,455,17.8021978,0,5.274725275,51.64835165,0.43956044,4.835164835,20,43.73626374,3.5,NA,NA,NA,NA,NA,NA,NA,NA,NA,NA,100,1558,22.9,0,0,60.78482819,81.34344482,71.06413651,125,120,127,124,31,31,96.82539683,100,98.41269841,A,50.99361963,149.406318,A,A,0.98245614,0.96124031,0.950413223,0.98245614,77.94523622,B,99.2070973,8,A+,2
15915006,HEALTH CAREERS H S,NORTHSIDE ISD,BEXAR COUNTY,4646 HAMILTON WOLFE,SAN ANTONIO,78229-3366,9,12,20,N,N,YES,N,851,5.170387779,0.822561692,14.68860165,52.29142186,2.23266745,4.81786134,19.97649824,25.49941246,2.5,NA,NA,NA,NA,NA,NA,NA,NA,NA,NA,100,1644,25.3,78.8,62.8,60.28304291,60.89243698,60.58773995,221,220,209,207,57,53,99.30232558,92.98245614,96.14239086,A,37.42729283,133.5696837,A,A,0.983122363,0.978354978,0.968468468,0.983122363,92.84883431,A,95.7871622,11,A+,3
15907022,TRAVIS EARLY COLLEGE H S,SAN ANTONIO ISD,BEXAR COUNTY,1915 N MAIN AVE,SAN ANTONIO,78212,9,12,20,N,N,NO,N,433,2.07852194,0,0,93.76443418,0,0,4.15704388,68.36027714,3.6,NA,NA,NA,NA,NA,NA,NA,NA,NA,NA,100,1426,19.6,18.7,42.1,62.30251312,62.33831024,62.32041168,82,75,114,110,41,30,94.3877551,73.17073171,83.7792434,A,44.29735032,128.0765937,A,A,0.961538462,0.908045977,0.931034483,0.961538462,79.55766661,A,88.43347885,30,A+,4
15910014,JOHNSON H S,NORTH EAST ISD,BEXAR COUNTY,23203 BULVERDE RD,SAN ANTONIO,78259-2203,9,12,20,N,N,NO,N,3070,5.472312704,0.423452769,6.970684039,42.34527687,0.325732899,4.462540717,40,15.60260586,9.4,NA,NA,NA,NA,NA,NA,NA,NA,NA,NA,84.9,1555,23.5,43.3,74.2,54.67418289,60.99987793,57.83703041,765,608,802,616,339,260,78.1110402,76.69616519,77.4036027,A,11.26117219,88.66477488,A,A,0.88,0.878248974,0.840347361,0.88,82.17823738,A,76.52091134,98,A,5
15828003,HARMONY SCIENCE ACADEMY - LAREDO,HARMONY SCIENCE ACAD (SAN ANTONIO),BEXAR COUNTY,4401 SAN FRANCISCO AVE,LAREDO,78041,6,12,20,N,Y,NO,N,741,0.674763833,0.269905533,0.809716599,95.68151147,0,0.134952767,2.429149798,70.85020243,5.8,441,394,24.26303855,75.73696145,43.53741497,19.72789116,18.02030457,81.97969543,45.43147208,18.52791878,94.6,1312,17,25.7,41.4,51.98611069,57.24902725,54.61756897,105,68,80,39,108,93,57.83783784,86.11111111,71.97447447,A,32.71522473,104.6896992,A,B,-99,-99,0.925373134,0.925373134,74.25457711,B,76.38407994,100,A,6
46902007,MEMORIAL EARLY COLLEGE H S WITH ST PHILIP'S,COMAL ISD,COMAL COUNTY,1419 N BUSINESS 35,NEW BRAUNFELS,78130,9,12,20,N,N,NO,N,293,2.04778157,0.341296928,0.682593857,37.20136519,0.341296928,4.436860068,54.94880546,21.84300341,6.7,NA,NA,NA,NA,NA,NA,NA,NA,NA,NA,95.9,1494,22,14.9,26.7,58.9988327,43.72135162,51.36009216,96,88,89,82,46,30,91.89189189,65.2173913,78.5546416,A,17.21027063,95.76491223,A,C,0.744444444,0.75,0.836956522,0.836956522,72.16213189,B,74.46044447,109,A,7
15827001,SCHOOL OF SCIENCE AND TECHNOLOGY,SCHOOL OF SCIENCE AND TECHNOLOGY,BEXAR COUNTY,1450 NE LOOP 410,SAN ANTONIO,78209,6,12,20,N,Y,NA,N,457,8.096280088,0,5.689277899,58.64332604,0,4.376367615,23.19474836,46.6083151,9.6,147,121,11.56462585,88.43537415,59.18367347,29.25170068,15.70247934,84.29752066,47.10743802,21.48760331,100,1456,24.3,38.5,58,53.15054321,51.17377472,52.16215897,97,68,92,72,80,46,74.07407407,57.5,65.78703704,A,19.85201304,85.63905007,A,B,0.839285714,0.887323944,0.845238095,0.887323944,81.3258261,A,71.22851804,146,A-,8
15915005,CLARK H S,NORTHSIDE ISD,BEXAR COUNTY,5150 DE ZAVALA RD,SAN ANTONIO,78249-2096,9,12,20,N,N,NO,N,2877,6.152241919,0.104275287,4.970455335,55.61348627,0.139033716,3.058741745,29.96176573,30.51790059,17,NA,NA,NA,NA,NA,NA,NA,NA,NA,NA,100,1421,24,36.3,69.2,52.21742249,65.42327118,58.82034684,772,471,760,461,559,354,60.83550914,63.3273703,62.08143972,A,6.765422846,68.84686257,A,A,0.814098134,0.823859649,0.815913688,0.823859649,78.00219018,B,66.93770983,213,B+,9
15915023,BRANDEIS H S,NORTHSIDE ISD,BEXAR COUNTY,13011 KYLE SEALE PKWY,SAN ANTONIO,78249,9,12,20,N,N,NO,N,2703,5.216426193,0.073991861,7.47317795,54.93895671,0.221975583,3.144654088,28.93081761,22.38253792,10.6,NA,NA,NA,NA,NA,NA,NA,NA,NA,NA,100,1378,22.9,38.1,60.9,55.13941574,62.67641449,58.90791512,736,488,755,496,424,249,65.99597586,58.72641509,62.36119547,A,1.413275611,63.77447109,A,A,0.847023361,0.830645161,0.842578711,0.847023361,77.88025027,B,65.73095799,239,B+,10
15910007,REAGAN H S,NORTH EAST ISD,BEXAR COUNTY,19000 RONALD REAGAN,SAN ANTONIO,78258-3914,9,12,20,N,N,NO,N,3435,4.599708879,0.174672489,7.802037846,43.63901019,0.203784571,2.88209607,40.69868996,11.67394469,7,NA,NA,NA,NA,NA,NA,NA,NA,NA,NA,83.9,1600,24.7,49.8,74.4,54.04734039,45.99809265,50.02271652,905,737,913,745,398,205,81.51815182,51.50753769,66.51284475,A,-2.850220559,63.66262419,A,C,0.847328244,0.847240051,0.833952912,0.847328244,81.15218222,A,65.33759192,252,B+,11
46902002,SMITHSON VALLEY H S,COMAL ISD,COMAL COUNTY,1404 IH 35 N,NEW BRAUNFELS,78130-3240,9,12,20,N,N,NO,N,2641,3.256342295,0.530102234,1.703900038,36.31200303,0.151457781,2.385460053,55.66073457,13.2904203,9.9,NA,NA,NA,NA,NA,NA,NA,NA,NA,NA,87.2,1509,22.7,38.9,55.1,51.10985184,49.96656418,50.53820801,693,519,679,504,421,235,74.56268222,55.81947743,65.19107983,A,-2.82817711,62.36290271,A,C,0.878005343,0.902638763,0.903169014,0.903169014,80.94020481,A,64.75809884,262,B+,12
94902003,BYRON P STEELE II H S,SCHERTZ-CIBOLO-U CITY ISD,GUADALUPE COUNTY,1060 ELBEL RD,SCHERTZ,78154,9,12,20,N,N,NO,N,2295,18.73638344,0.261437908,2.309368192,37.51633987,0.479302832,5.22875817,35.46840959,18.64923747,10.6,NA,NA,NA,NA,NA,NA,NA,NA,NA,NA,78.8,1427,21.6,25.3,41.8,58.24268723,60.43585205,59.33926964,663,442,614,393,431,264,65.38762725,61.25290023,63.32026374,A,-0.430870436,62.88939331,A,A,0.855345912,0.858823529,0.838250254,0.858823529,73.38664702,B,64.73389343,263,B+,13
15913001,VIRGINIA ALLRED STACEY JR/SR H S,LACKLAND ISD,BEXAR COUNTY,2460 KENLY AVE BLDG 8265,SAN ANTONIO,78236-1244,6,12,20,N,N,NO,N,390,22.05128205,0.512820513,1.538461538,22.82051282,2.051282051,9.743589744,41.28205128,29.74358974,19.8,213,198,16.90140845,83.09859155,49.76525822,26.29107981,14.14141414,85.85858586,43.93939394,10.60606061,68.6,1561,22.5,38,37,51.01087189,48.24831009,49.62959099,53,26,39,28,67,52,58.69565217,77.6119403,68.15379624,A,12.32889314,80.48268937,A,D,0.511627907,0.616666667,0.472727273,0.616666667,60.23882018,F,64.6262242,267,B+,14
46901041,NEW BRAUNFELS MIDDLE,NEW BRAUNFELS ISD,COMAL COUNTY,4150 KLEIN MEADOW,NEW BRAUNFELS,78130,6,9,13,N,N,NO,N,1068,3.370786517,0.561797753,0.74906367,50.37453184,0,2.059925094,42.88389513,34.73782772,10.9,1038,740,17.6300578,82.3699422,48.55491329,23.50674374,16.89189189,83.10810811,50.40540541,19.18918919,0,0,0,0,0,50.25355148,53.73090744,51.99222946,NA,NA,NA,NA,298,194,NA,65.10067114,65.10067114,A,12.45028598,77.55095713,A,C,1,0,0,1,60.36602701,F,63.75247118,284,B+,15
15915016,O'CONNOR H S,NORTHSIDE ISD,BEXAR COUNTY,12221 LESLIE RD,HELOTES,78023-4404,9,12,20,N,N,NO,N,3293,3.704828424,0.091102338,2.641967811,56.54418463,0.15183723,3.006377164,33.8597024,21.10537504,7.8,NA,NA,NA,NA,NA,NA,NA,NA,NA,NA,100,1390,21.9,36,56.1,52.91536713,54.94627762,53.93082238,990,652,869,553,620,351,64.81979559,56.61290323,60.71634941,A,-1.174775364,59.54157404,B,B,0.851761847,0.849759615,0.877726371,0.877726371,78.78189785,B,63.24266092,295,B+,16
94902001,SAMUEL CLEMENS H S,SCHERTZ-CIBOLO-U CITY ISD,GUADALUPE COUNTY,1001 ELBEL RD,SCHERTZ,78154-2098,9,12,20,N,N,NO,N,2663,10.96507698,0.413067968,2.290649643,39.4667668,0.300413068,4.130679685,42.43334585,25.57266241,12.3,NA,NA,NA,NA,NA,NA,NA,NA,NA,NA,76.9,1492,21.9,35.6,57.9,54.98828888,60.8913765,57.93983269,781,438,727,442,420,243,58.35543767,57.85714286,58.10629026,B,-0.557513791,57.54877647,B,A,0.852873563,0.833648393,0.855769231,0.855769231,76.5027139,B,62.52440333,319,B,17
15828001,HARMONY SCIENCE ACAD (SAN ANTONIO),HARMONY SCIENCE ACAD (SAN ANTONIO),BEXAR COUNTY,8505 LAKESIDE PKWY,SAN ANTONIO,78245,6,12,20,N,Y,NO,N,732,7.513661202,0.409836066,2.732240437,76.36612022,0.273224044,1.229508197,11.47540984,65.30054645,18.6,372,344,21.77419355,78.22580645,43.8172043,22.04301075,18.60465116,81.39534884,50.58139535,20.34883721,100,1412,19.3,37.3,28.9,53.33963013,53.92713928,53.63338471,116,56,120,80,120,59,57.62711864,49.16666667,53.39689266,B,13.53299725,66.9298899,A,B,0.880434783,0.818965517,0.723684211,0.880434783,74.81566762,B,62.19395872,323,B,18
15802001,GEORGE GERVIN ACADEMY,GEORGE GERVIN ACADEMY,BEXAR COUNTY,6944 SUNBELT DR,SAN ANTONIO,78218,PK,12,20,N,Y,NO,N,1246,38.04173355,0,0.321027287,55.45746388,0.080256822,3.691813804,2.407704655,93.7399679,39.2,169,168,42.6035503,53.84615385,26.03550296,10.65088757,26.19047619,70.83333333,39.28571429,22.02380952,28.1,0,14.8,0,0,52.45236969,70.82740021,61.63988495,44,21,39,4,25,24,30.12048193,96,63.06024096,A,23.32585527,86.38609623,A,A,0.476190476,0.555555556,0.558139535,0.558139535,36.82609064,F,61.9780782,335,B,19
15914001,ROBERT G COLE MIDDLE/HIGH SCHOOL,FT SAM HOUSTON ISD,BEXAR COUNTY,4001 WINANS RD,SAN ANTONIO,78234-1498,6,12,20,N,N,NO,N,690,20.57971014,0.869565217,2.31884058,37.97101449,1.014492754,7.391304348,29.85507246,22.89855072,16.6,302,271,18.87417219,81.12582781,52.31788079,29.47019868,23.24723247,76.75276753,41.32841328,13.28413284,83.7,1482,22.5,37.3,47,53.92221832,53.77356339,53.84789086,110,73,93,55,112,75,63.05418719,66.96428571,65.00923645,A,4.437739985,69.44697644,A,B,0.534482759,0.566929134,0.508196721,0.566929134,59.11354476,F,61.85441213,337,B,20
15910009,INTERNATIONAL SCHOOL OF AMERICA,NORTH EAST ISD,BEXAR COUNTY,1400 JACKSON KELLER RD,SAN ANTONIO,78213-3206,9,12,20,N,N,YES,N,489,3.885480573,0.204498978,3.476482618,56.64621677,0.204498978,3.680981595,31.90184049,23.31288344,3.1,NA,NA,NA,NA,NA,NA,NA,NA,NA,NA,100,1550,22.9,86.8,44.6,57.31677628,36.53974152,46.9282589,122,102,120,93,39,13,80.5785124,33.33333333,56.95592287,B,-3.315267151,53.64065571,B,F,0.94214876,0.924369748,0.925619835,0.94214876,88.63481048,A,61.53991199,343,B,21
15915019,WARREN H S,NORTHSIDE ISD,BEXAR COUNTY,9411 MILITARY DR W,SAN ANTONIO,78251-1736,9,12,20,N,N,NO,N,3023,7.773734701,0.231558055,2.183261661,75.02480979,0.231558055,2.183261661,12.37181608,42.3089646,12.3,NA,NA,NA,NA,NA,NA,NA,NA,NA,NA,98.9,1286,20,38.2,35,51.64868546,58.58555984,55.11712265,900,485,803,433,638,370,53.90487375,57.99373041,55.94930208,B,7.724760038,63.67406212,A,A,0.816484224,0.778071334,0.828388598,0.828388598,71.31452413,C,61.51375274,344,B,22
15907004,FOX TECHNICAL H S,SAN ANTONIO ISD,BEXAR COUNTY,637 N MAIN AVE,SAN ANTONIO,78205-1279,9,12,20,N,N,NA,N,365,2.465753425,0,0.547945205,93.97260274,0,0.273972603,2.739726027,76.71232877,7.5,NA,NA,NA,NA,NA,NA,NA,NA,NA,NA,100,1357,18.7,81.1,21.9,53.49945831,45.2974968,49.39847756,99,64,93,68,59,20,68.75,33.89830508,51.32415254,B,12.3204039,63.64455644,A,D,0.93877551,0.934673367,0.893617021,0.93877551,80.70968626,A,61.2692182,347,B,23
15915024,BRENNAN H S,NORTHSIDE ISD,BEXAR COUNTY,2400 COTTONWOOD WAY,SAN ANTONIO,78253,9,12,20,N,N,NO,N,2918,12.02878684,0.274160384,1.610692255,58.39616175,0.411240576,4.249485949,23.02947224,30.74023304,15,NA,NA,NA,NA,NA,NA,NA,NA,NA,NA,92.6,1325,20,32.7,35.7,52.16213608,60.88841248,56.52527428,902,516,786,432,635,365,56.16113744,57.48031496,56.8207262,B,1.649732391,58.47045859,B,A,0.8359375,0.856299213,0.847619048,0.856299213,72.18655261,B,61.00075292,360,B,24
163908001,MEDINA VALLEY H S,MEDINA VALLEY ISD,MEDINA COUNTY,8365 F M 471 S,CASTROVILLE,78009-9531,9,12,20,N,N,NO,N,1359,4.047093451,0.515084621,0.515084621,58.86681383,0.441501104,1.61883738,33.99558499,49.81604121,12.6,NA,NA,NA,NA,NA,NA,NA,NA,NA,NA,65.1,1398,21.1,7.7,34.1,51.05873871,50.3262291,50.69248391,445,235,374,213,314,153,54.7008547,48.72611465,51.71348468,B,7.133422559,58.84690723,B,C,0.844067797,0.83269962,0.887372014,0.887372014,70.50126183,C,57.93853441,455,B-,25
15831002,SCHOOL OF SCIENCE AND TECHNOLOGY CORPUS CHRISTI,SCHOOL OF SCIENCE AND TECHNOLOGY DISCOVERY,BEXAR COUNTY,5707 BANDERA RD,LEON VALLEY,78238,KG,12,20,N,Y,NO,N,813,4.55104551,0.12300123,2.4600246,63.46863469,0,1.47601476,27.92127921,55.59655597,14.5,457,441,20.56892779,79.43107221,43.76367615,23.63238512,20.63492063,79.36507937,45.57823129,21.99546485,100,1507,21.5,0,0,50.61777115,50.63972473,50.62874794,36,13,31,15,49,29,41.79104478,59.18367347,50.48735912,B,7.965502922,58.45286205,B,C,-99,-99,0.846153846,0.846153846,68.82360177,C,57.09814272,484,B-,26
15906001,RANDOLPH H S,RANDOLPH FIELD ISD,BEXAR COUNTY,P O BOX 2217,UNIVERSAL CITY,78148-1217,9,12,20,N,N,NO,N,450,19.33333333,0,4,24.88888889,1.555555556,9.555555556,40.66666667,5.555555556,7.7,NA,NA,NA,NA,NA,NA,NA,NA,NA,NA,81.4,1519,23.4,51.8,45.6,57.21687698,45.77835083,51.49761391,121,83,108,75,75,36,68.99563319,48,58.49781659,B,-16.18696663,42.31084996,C,C,0.683544304,0.710526316,0.684684685,0.710526316,69.42060524,C,55.43172143,537,B-,27
15910003,CHURCHILL H S,NORTH EAST ISD,BEXAR COUNTY,12049 BLANCO RD,SAN ANTONIO,78216-2411,9,12,20,N,N,NO,N,2935,4.327086882,0.340715503,2.793867121,57.10391823,0.03407155,2.146507666,33.25383305,33.79897785,13.5,NA,NA,NA,NA,NA,NA,NA,NA,NA,NA,76.2,1502,23,37,60.2,52.91720963,48.46677399,50.69199181,777,467,811,485,423,157,59.94962217,37.11583924,48.5327307,B,-4.694440209,43.8382905,C,C,0.871380471,0.868421053,0.827417381,0.871380471,78.28487519,B,55.33697205,543,B-,28
15915007,TAFT H S,NORTHSIDE ISD,BEXAR COUNTY,11600 CULEBRA RD,SAN ANTONIO,78253-4806,9,12,20,N,N,YES,N,3220,9.720496894,0.093167702,2.453416149,64.7515528,0.434782609,3.664596273,18.88198758,37.17391304,12.5,NA,NA,NA,NA,NA,NA,NA,NA,NA,NA,96.8,1335,21.7,37.6,41.6,52.44003296,47.44897842,49.94450569,956,567,935,513,688,277,57.11263882,40.26162791,48.68713336,B,-2.512297288,46.17483607,B,D,0.827692308,0.824684432,0.799719888,0.827692308,73.24945602,B,54.51398279,572,C+,29
94904001,MARION H S,MARION ISD,GUADALUPE COUNTY,P O BOX 189,MARION,78124-0189,9,12,20,N,N,NO,N,449,2.004454343,0.445434298,0.668151448,33.63028953,0,2.004454343,61.24721604,38.75278396,12.7,NA,NA,NA,NA,NA,NA,NA,NA,NA,NA,63.6,1394,20.1,13.4,53.3,47.69646072,47.03295135,47.36470604,129,63,118,50,98,47,45.74898785,47.95918367,46.85408576,B,-3.437745203,43.41634056,C,F,0.904761905,0.803030303,0.857142857,0.904761905,73.06375977,B,52.67472303,628,C+,30
163902001,D'HANIS SCHOOL,D'HANIS ISD,MEDINA COUNTY,P O BOX 307,D'HANIS,78850-0307,EE,12,20,N,N,NO,N,380,0,0,0.263157895,49.21052632,0,1.578947368,48.94736842,55,8.4,170,158,13.52941176,86.47058824,59.41176471,32.94117647,17.08860759,82.91139241,49.36708861,25.94936709,59.3,1314,21,1.7,100,47.08631897,46.53564835,46.81098366,22,10,22,6,22,11,36.36363636,50,43.18181818,C,0.447449013,43.62926719,C,F,0.884615385,0.9,0.848484848,0.9,75.47313433,B,52.27380084,643,C+,31
15901001,ALAMO HEIGHTS H S,ALAMO HEIGHTS ISD,BEXAR COUNTY,6900 BROADWAY ST,SAN ANTONIO,78209-3799,9,12,20,N,N,NO,N,1595,1.44200627,0.564263323,3.322884013,41.31661442,0,0.626959248,52.72727273,16.92789969,8,NA,NA,NA,NA,NA,NA,NA,NA,NA,NA,87.9,1601,24,41.5,85,50.14492416,46.47054672,48.30773544,427,276,393,240,169,52,62.92682927,30.76923077,46.84803002,B,-18.2427507,28.60527932,D,D,0.841432225,0.882513661,0.893782383,0.893782383,84.47525857,A,52.05907584,654,C+,32
46902001,CANYON H S,COMAL ISD,COMAL COUNTY,1404 IH 35 N,NEW BRAUNFELS,78130-3240,9,12,20,N,N,NO,N,2584,2.360681115,0.193498452,1.509287926,42.84055728,0.270897833,2.592879257,50.23219814,29.99226006,13.5,NA,NA,NA,NA,NA,NA,NA,NA,NA,NA,65.3,1448,21.2,27.4,60.8,47.15889359,48.30769348,47.73329354,777,399,724,359,525,220,50.49966689,41.9047619,46.2022144,B,-9.458616885,36.74359751,C,F,0.842629482,0.855585831,0.811973807,0.855585831,73.95593878,B,51.15876105,690,C,33
15910002,MACARTHUR H S,NORTH EAST ISD,BEXAR COUNTY,2923 MACARTHUR VIEW,SAN ANTONIO,78217-4597,9,12,20,N,N,YES,N,2511,8.363201912,0.159299084,1.871764237,59.09996018,0.199123855,2.947033055,27.35961768,44.80286738,16.1,NA,NA,NA,NA,NA,NA,NA,NA,NA,NA,73.5,1416,20.9,28.1,50,49.26859665,46.3457489,47.80717278,734,379,636,355,493,167,53.57664234,33.87423935,43.72544084,C,-3.116493249,40.60894759,C,F,0.804260985,0.805248619,0.797347089,0.805248619,70.13447647,C,50.56900942,707,C,34
163901001,DEVINE H S,DEVINE ISD,MEDINA COUNTY,1225 W HONDO,DEVINE,78016-1997,9,12,20,N,N,NO,N,564,0.531914894,0,0,58.15602837,0.177304965,1.595744681,39.53900709,46.80851064,10.7,NA,NA,NA,NA,NA,NA,NA,NA,NA,NA,47.2,1355,18.4,3.9,20,51.18881989,53.15885162,52.17383576,186,76,192,83,165,73,42.06349206,44.24242424,43.15295815,C,-2.688140796,40.46481736,C,B,0.809815951,0.82428115,0.887218045,0.887218045,64.14905286,F,49.98516603,731,C,35
15910005,MADISON H S,NORTH EAST ISD,BEXAR COUNTY,5005 STAHL RD,SAN ANTONIO,78247-1799,9,12,20,N,N,YES,N,3395,7.511045655,0.235640648,2.120765832,60.6185567,0.206185567,2.621502209,26.68630339,45.97938144,13.5,NA,NA,NA,NA,NA,NA,NA,NA,NA,NA,72.9,1359,19,26.4,43.9,53.07138443,45.77487183,49.42312813,1060,535,913,476,731,237,51.24176381,32.42134063,41.83155222,C,-4.407785155,37.42376706,C,D,0.800452233,0.817913966,0.790590935,0.817913966,67.72141933,D,49.09996669,771,C,36
46902003,CANYON LAKE H S,COMAL ISD,COMAL COUNTY,1404 IH 35 N,NEW BRAUNFELS,78130-3240,9,12,20,N,N,NO,N,1012,0.988142292,0.494071146,0.592885375,24.11067194,0.098814229,2.173913043,71.54150198,35.17786561,12.8,NA,NA,NA,NA,NA,NA,NA,NA,NA,NA,61.1,1480,21.5,31.3,49.2,49.55739212,41.72711563,45.64225388,288,136,271,145,186,68,50.26833631,36.55913978,43.41373805,C,-8.969628349,34.4441097,D,F,0.732718894,0.819875776,0.743801653,0.819875776,71.15816137,C,48.66456575,794,C,37
15915003,MARSHALL H S,NORTHSIDE ISD,BEXAR COUNTY,8000 LOBO LN,SAN ANTONIO,78240-2699,9,12,20,N,N,NO,N,2602,7.60953113,0.269023828,4.112221368,67.17909301,0.192159877,2.305918524,18.33205227,43.00538048,18.5,NA,NA,NA,NA,NA,NA,NA,NA,NA,NA,98.3,1288,20,26.8,34,50.34085846,48.63197327,49.48641587,781,380,687,323,602,209,47.88828338,34.71760797,41.30294568,C,-6.524743044,34.77820263,D,D,0.807968127,0.786407767,0.801082544,0.807968127,68.79462638,C,48.59054764,799,C,38
10902001,BANDERA H S,BANDERA ISD,BANDERA COUNTY,P O BOX 727,BANDERA,78003-0727,9,12,20,N,N,NO,N,673,0.59435364,0.29717682,0.44576523,32.98662704,0,2.228826152,63.44725111,45.31946508,17,NA,NA,NA,NA,NA,NA,NA,NA,NA,NA,60.2,1479,22.1,12.2,53.8,47.10676575,42.74514771,44.92595673,184,83,182,98,149,52,49.45355191,34.89932886,42.17644039,C,-4.395977182,37.7804632,C,F,0.811518325,0.734693878,0.778801843,0.811518325,69.38856927,C,48.5678574,801,C,39
15910001,LEE H S,NORTH EAST ISD,BEXAR COUNTY,1400 JACKSON KELLER RD,SAN ANTONIO,78213-3206,9,12,20,N,N,YES,N,2681,4.587840358,0.186497576,1.566579634,79.29876912,0.111898545,1.193584483,13.05483029,64.75195822,16.7,NA,NA,NA,NA,NA,NA,NA,NA,NA,NA,63.3,1368,19.6,30.8,46.6,48.07955551,51.51838303,49.79896927,879,364,772,320,562,216,41.42943671,38.4341637,39.9318002,C,-0.018541181,39.91325902,C,D,0.740506329,0.739002933,0.719723183,0.740506329,63.4506285,F,48.27366425,815,C,40
15833001,HENRY FORD ACADEMY ALAMEDA SCHOOL FOR ART + DESIGN,HENRY FORD ACADEMY ALAMEDA SCHOOL FOR ART + DESIGN,BEXAR COUNTY,318 W HOUSTON,SAN ANTONIO,78205,9,12,20,N,Y,NO,N,113,2.654867257,0.884955752,0.884955752,83.18584071,0,0,12.38938053,48.67256637,21.8,NA,NA,NA,NA,NA,NA,NA,NA,NA,NA,59,1259,19.8,1.4,100,54.98910141,54.98910141,54.98910141,29,16,25,11,23,6,50,26.08695652,38.04347826,C,-6.986998184,31.05648008,D,B,0.736842105,0.666666667,0.736842105,0.736842105,64.29992219,F,47.09724549,864,C-,41
163904001,HONDO H S,HONDO ISD,MEDINA COUNTY,2603 AVE H,HONDO,78861,9,12,20,N,N,NO,N,616,0.811688312,0.324675325,0,67.53246753,0,0.811688312,30.51948052,55.84415584,11.5,NA,NA,NA,NA,NA,NA,NA,NA,NA,NA,50,1342,19.9,8.7,26.1,49.42089081,51.50805283,50.46447182,212,70,192,70,146,62,34.65346535,42.46575342,38.55960939,C,-3.87381599,34.6857934,D,C,0.826347305,0.844155844,0.821192053,0.844155844,63.92323835,F,46.90827824,877,C-,42
94903001,NAVARRO H S,NAVARRO ISD,GUADALUPE COUNTY,6350 N STATE HWY 123,SEGUIN,78155-0355,9,12,13,N,N,NO,N,583,1.200686106,0.171526587,0.857632933,40.82332762,0,1.200686106,55.74614065,27.61578045,10.8,NA,NA,NA,NA,NA,NA,NA,NA,NA,NA,66.7,1458,21.9,21.2,54.7,53.25637054,44.8910408,49.07370567,175,94,176,107,109,23,57.26495726,21.10091743,39.18293735,C,-18.07014796,21.11278938,F,D,0.892857143,0.85483871,0.90070922,0.90070922,76.07973869,B,46.36229277,905,C-,43
10901001,MEDINA SCHOOL,MEDINA ISD,BANDERA COUNTY,P O BOX 1470,MEDINA,78055-1470,EE,12,20,N,N,NO,N,298,3.691275168,0,0,23.15436242,0,2.348993289,70.80536913,61.74496644,24,124,122,30.64516129,69.35483871,37.09677419,15.32258065,37.70491803,62.29508197,21.31147541,9.016393443,65.5,1374,21.2,0,0,46.18468094,37.63654327,41.91061211,23,10,33,15,23,7,44.64285714,30.43478261,37.53881988,C,-3.013628334,34.52519154,D,F,0.833333333,0.933333333,0.75,0.933333333,68.80088842,C,45.69387798,924,C-,44
15915001,HOLMES H S,NORTHSIDE ISD,BEXAR COUNTY,6500 INGRAM RD,SAN ANTONIO,78238-3999,9,12,20,N,N,NO,N,2939,5.750255189,0.034025179,1.531133038,84.51854372,0.136100715,0.952705002,7.077237155,77.44130657,18.2,NA,NA,NA,NA,NA,NA,NA,NA,NA,NA,100,1192,16.6,40.5,17.8,47.84122467,52.63242722,50.23682595,999,343,850,313,729,247,35.4786371,33.88203018,34.68033364,D,-4.318926876,30.36140676,D,C,0.759084791,0.766756032,0.771974522,0.771974522,63.815138,F,44.77342609,960,D+,45
15806003,MILTON B LEE ACADEMY OF SCIENCE & ENGINEERING,SCHOOL OF EXCELLENCE IN EDUCATION,BEXAR COUNTY,1826 BASSE RD,SAN ANTONIO,78213,9,12,20,N,Y,NO,N,148,40.54054054,0,0,54.05405405,0.675675676,2.027027027,2.702702703,87.16216216,20.6,NA,NA,NA,NA,NA,NA,NA,NA,NA,NA,66.7,1145,0,4.2,33.3,55.89741898,58.40032578,57.14887238,54,18,54,25,50,13,39.81481481,26,32.90740741,D,-6.316364617,26.59104279,D,A,0.846153846,0.739130435,0.763157895,0.846153846,62.15938002,F,44.70167565,961,D+,46
7905001,PLEASANTON H S,PLEASANTON ISD,ATASCOSA COUNTY,831 STADIUM DR,PLEASANTON,78064-2499,9,12,20,N,N,NO,N,969,0.103199174,0.206398349,0.412796698,70.69143447,0.103199174,0.515995872,27.96697626,46.85242518,12.8,NA,NA,NA,NA,NA,NA,NA,NA,NA,NA,48.7,1332,19.2,16.9,32.4,50.07110977,43.83068466,46.95089722,341,117,297,125,257,82,37.93103448,31.90661479,34.91882463,D,-10.90186738,24.01695725,F,F,0.81640625,0.815789474,0.84629981,0.84629981,64.6629211,F,42.63740005,1022,D+,47
15904002,MCCOLLUM H S,HARLANDALE ISD,BEXAR COUNTY,500 W FORMOSA BLVD,SAN ANTONIO,78221-2799,9,12,20,N,N,NO,N,1607,0.622277536,0,0.311138768,95.08400747,0,0.186683261,3.795892968,84.38083385,15.6,NA,NA,NA,NA,NA,NA,NA,NA,NA,NA,100,1126,17.8,16.5,8.2,49.71076965,41.28712082,45.49894524,523,180,416,148,381,120,34.93077742,31.49606299,33.21342021,D,-5.891312516,27.32210769,D,F,0.821052632,0.822485207,0.828025478,0.828025478,64.08649668,F,42.53024245,1030,D+,48
7902001,JOURDANTON H S,JOURDANTON ISD,ATASCOSA COUNTY,200 ZANDERSON AVE,JOURDANTON,78026-3045,9,12,20,N,N,NO,N,470,1.063829787,0,0.212765957,55.31914894,0,1.914893617,41.4893617,48.72340426,14.2,NA,NA,NA,NA,NA,NA,NA,NA,NA,NA,51.4,1415,21,18,19,49.17710114,29.68403625,39.4305687,151,58,127,61,146,42,42.8057554,28.76712329,35.78643934,C,-9.223354577,26.56308476,D,F,0.861386139,0.873015873,0.833333333,0.873015873,67.95513859,D,42.43380785,1032,D+,49
15910004,ROOSEVELT H S,NORTH EAST ISD,BEXAR COUNTY,5110 WALZEM RD,SAN ANTONIO,78218-2194,9,12,20,N,N,YES,N,2891,17.53718437,0.276720858,2.974749222,61.43203044,0.311310965,3.216879972,14.25112418,66.37841577,20.5,NA,NA,NA,NA,NA,NA,NA,NA,NA,NA,69.9,1318,20,25.2,45.5,50.59186554,48.01467133,49.30326844,984,367,884,328,625,151,37.20556745,24.16,30.68278373,D,-9.028695024,21.6540887,F,D,0.734594265,0.71446863,0.71025641,0.734594265,62.79095084,F,41.10777293,1075,D,50
15915022,STEVENS H S,NORTHSIDE ISD,BEXAR COUNTY,600 ELLISON N,SAN ANTONIO,78251-1699,9,12,20,N,N,NO,N,2877,9.071949948,0.069516858,1.28606187,78.20646507,0.31282586,2.398331595,8.654848801,52.7632951,17.5,NA,NA,NA,NA,NA,NA,NA,NA,NA,NA,99.7,1203,18.5,22.4,20.6,47.47686386,46.69930267,47.08808327,897,344,850,346,703,181,39.49627934,25.74679943,32.62153938,D,-10.8948835,21.72665589,F,F,0.753712871,0.763348715,0.701910828,0.763348715,62.75215955,F,41.04710952,1077,D,51
15916008,KAREN WAGNER H S,JUDSON ISD,BEXAR COUNTY,3000 N FOSTER RD,SAN ANTONIO,78244,9,12,20,N,N,NO,N,2164,30.77634011,0.231053604,1.663585952,55.82255083,0.092421442,1.432532348,9.981515712,71.025878,22.5,NA,NA,NA,NA,NA,NA,NA,NA,NA,NA,96.6,1126,17.2,8.9,31.2,50.28723145,50.24637985,50.26680565,741,220,652,199,572,159,30.07896626,27.7972028,28.93808453,D,-10.30726521,18.63081932,F,C,0.753574432,0.709408826,0.776263031,0.776263031,61.8982339,F,39.93348585,1108,D,52
15826001,KIPP UNIVERSITY PREP H S,KIPP SAN ANTONIO,BEXAR COUNTY,239 STARK ST,SAN ANTONIO,78204,9,12,20,N,Y,NO,N,741,3.643724696,0,0.134952767,93.52226721,0,0.269905533,2.429149798,85.56005398,15.8,NA,NA,NA,NA,NA,NA,NA,NA,NA,NA,100,1218,17.4,61.4,21.2,47.84802628,52.22335434,50.03569031,275,97,261,106,111,11,37.87313433,9.90990991,23.89152212,F,-15.25676758,8.634754544,F,C,0.911392405,0.923913043,0.886956522,0.923913043,75.80032632,B,39.59057332,1123,D,53
163903001,NATALIA H S,NATALIA ISD,MEDINA COUNTY,P O BOX 548,NATALIA,78059-0548,9,12,20,N,N,NO,N,307,0.977198697,0,0.325732899,79.47882736,0.651465798,0.977198697,17.58957655,78.17589577,13.4,NA,NA,NA,NA,NA,NA,NA,NA,NA,NA,66.1,1221,16.5,0,0,53.54616928,48.30742264,50.92679596,98,32,76,30,76,18,35.63218391,23.68421053,29.65819722,D,-9.340859448,20.31733777,F,C,0.746835443,0.802816901,0.707865169,0.802816901,56.5487369,F,39.36276696,1135,D,54
15904001,HARLANDALE H S,HARLANDALE ISD,BEXAR COUNTY,114 E GERALD AVE,SAN ANTONIO,78214-2193,9,12,20,N,N,NO,N,1914,0.208986416,0.104493208,0.052246604,98.43260188,0,0.052246604,1.149425287,88.29676071,16.6,NA,NA,NA,NA,NA,NA,NA,NA,NA,NA,100,1135,17.6,28.1,20.1,44.34983444,48.59662247,46.47322846,638,171,552,175,477,125,29.07563025,26.20545073,27.64054049,D,-11.64814157,15.99239892,F,F,0.832227488,0.796208531,0.812609457,0.832227488,66.6175441,D,39.18092799,1138,D,55
15912001,SOUTHWEST H S,SOUTHWEST ISD,BEXAR COUNTY,11914 DRAGON LN,SAN ANTONIO,78252-2647,9,12,20,N,N,NO,N,3704,2.591792657,0.02699784,0.242980562,91.90064795,0.080993521,0.755939525,4.400647948,76.48488121,15.3,NA,NA,NA,NA,NA,NA,NA,NA,NA,NA,100,1114,18.5,15.8,22.3,46.71259689,45.30889893,46.01074791,1187,389,1112,360,689,155,32.57938234,22.49637155,27.53787695,D,-11.46823199,16.06964496,F,F,0.806134969,0.799351001,0.805166846,0.806134969,64.52351394,F,38.53544594,1160,D-,56
15915002,JAY H S,NORTHSIDE ISD,BEXAR COUNTY,7611 MARBACH RD,SAN ANTONIO,78227-1691,9,12,20,N,N,YES,N,3051,4.686987873,0.032776139,0.786627335,84.92297607,0.163880695,1.311045559,8.095706326,71.55031137,20.3,NA,NA,NA,NA,NA,NA,NA,NA,NA,NA,94.2,1233,20.8,30.3,25.8,47.4811821,45.88158417,46.68138314,1096,323,956,325,761,162,31.57894737,21.28777924,26.4333633,D,-12.77147959,13.66188372,F,F,0.758928571,0.732739421,0.762023735,0.762023735,65.39428125,D,38.04272785,1170,D-,57
94901001,SEGUIN H S,SEGUIN ISD,GUADALUPE COUNTY,1315 E CEDAR,SEGUIN,78155-3996,9,12,13,N,N,NO,N,1942,5.046343975,0.154479918,0.566426365,64.9330587,0.051493306,0.978372812,28.26982492,50.66941298,20.8,NA,NA,NA,NA,NA,NA,NA,NA,NA,NA,63.4,1372,19.2,20.2,25.8,46.55469513,41.08472824,43.81971169,713,230,598,216,536,116,34.01983219,21.64179104,27.83081162,D,-16.4301854,11.40062622,F,F,0.78442029,0.792488263,0.750670241,0.792488263,63.14103707,F,36.54804665,1226,D-,58
15907001,BRACKENRIDGE H S,SAN ANTONIO ISD,BEXAR COUNTY,400 EAGLELAND ST,SAN ANTONIO,78210-1299,9,12,20,N,N,NA,N,1779,3.316469927,0,0.168634064,94.49128724,0,0.224845419,1.79876335,89.71332209,16.8,NA,NA,NA,NA,NA,NA,NA,NA,NA,NA,65.6,1212,16.9,31.9,9.8,46.3963356,50.55364609,48.47499085,548,133,560,191,394,76,29.24187726,19.2893401,24.26560868,F,-15.11755938,9.148049298,F,D,0.775757576,0.812389381,0.793226381,0.812389381,61.32837349,F,35.80425558,1244,D-,59
15917001,SOUTHSIDE H S,SOUTHSIDE ISD,BEXAR COUNTY,1460 MARTINEZ LOSOYA RD,SAN ANTONIO,78221-9648,9,12,20,N,N,NA,N,1536,2.213541667,0,0.1953125,89.84375,0,0.390625,7.356770833,73.69791667,20.8,NA,NA,NA,NA,NA,NA,NA,NA,NA,NA,100,1126,18,18.4,16,47.08536148,50.85103226,48.96819687,560,142,423,120,357,73,26.65310275,20.44817927,23.55064101,F,-15.52882217,8.021818838,F,D,0.757493188,0.741839763,0.784415584,0.784415584,62.5589507,F,35.77490185,1245,D-,60
15909001,SOMERSET H S,SOMERSET ISD,BEXAR COUNTY,P O BOX 279,SOMERSET,78069-0279,9,12,20,N,N,NO,N,1035,0.966183575,0.096618357,0,86.95652174,0.096618357,0.483091787,11.40096618,69.66183575,17.3,NA,NA,NA,NA,NA,NA,NA,NA,NA,NA,100,1135,18.2,35.1,13.9,48.87146759,46.45787048,47.66466904,370,92,305,90,98,18,26.96296296,18.36734694,22.66515495,F,-16.69345284,5.971702112,F,F,0.822695035,0.75,0.794019934,0.822695035,66.47740931,D,35.69473385,1248,D-,61
15908001,SOUTH SAN ANTONIO H S,SOUTH SAN ANTONIO ISD,BEXAR COUNTY,2515 NAVAJO,SAN ANTONIO,78224-1317,9,12,20,N,N,NO,N,2546,1.413982718,0.117831893,0.157109191,96.77926159,0.039277298,0.078554595,1.413982718,90.29850746,17.5,NA,NA,NA,NA,NA,NA,NA,NA,NA,NA,87.6,1131,17.9,12.3,28,46.08375549,43.51298904,44.79837227,869,247,771,222,596,126,28.59756098,21.1409396,24.86925029,F,-14.55733609,10.3119142,F,F,0.775900073,0.726495726,0.770642202,0.775900073,61.35004563,F,35.3323956,1253,D-,62
15905003,MEMORIAL H S,EDGEWOOD ISD,BEXAR COUNTY,1227 MEMORIAL ST,SAN ANTONIO,78228-6199,9,12,20,N,N,NO,Y,1291,1.626646011,0,0.077459334,97.83113865,0,0.154918668,0.309837335,86.13477924,22.1,NA,NA,NA,NA,NA,NA,NA,NA,NA,NA,46.6,1190,18.7,26.6,12.4,43.18289566,55.18777847,49.18533707,502,110,442,104,302,86,22.66949153,28.47682119,25.57315636,D,-13.60004271,11.97311365,F,D,0.705357143,0.701449275,0.631147541,0.705357143,53.68171286,F,35.10332998,1260,D-,63
15911001,EAST CENTRAL H S,EAST CENTRAL ISD,BEXAR COUNTY,7173 FM 1628,SAN ANTONIO,78263-9620,9,12,20,N,N,NO,N,3102,9.026434558,0.064474533,0.225660864,71.8891038,0.128949065,1.257253385,17.40812379,58.4139265,14.6,NA,NA,NA,NA,NA,NA,NA,NA,NA,NA,49.6,1318,18.8,20.3,24.5,48.90633774,37.92022705,43.4132824,1035,339,940,371,713,87,35.94936709,12.20196353,24.07566531,F,-17.45894662,6.616718694,F,F,0.861687414,0.830542532,0.862003781,0.862003781,64.87024817,F,34.74397864,1269,F,64
15916001,JUDSON H S,JUDSON ISD,BEXAR COUNTY,9142 FM 78,CONVERSE,78109-9702,9,12,20,N,N,NO,N,3271,25.34393152,0.183430144,2.170590034,51.60501376,0.51971874,2.99602568,17.18129013,52.18587588,19.5,NA,NA,NA,NA,NA,NA,NA,NA,NA,NA,100,1229,19,14.4,31.5,48.49593353,40.93243027,44.7141819,829,280,877,366,654,77,37.86635404,11.77370031,24.82002718,F,-18.89822373,5.921803445,F,F,0.739978332,0.75210084,0.718514802,0.75210084,62.91967515,F,34.59392192,1275,F,65
15907003,EDISON H S,SAN ANTONIO ISD,BEXAR COUNTY,701 SANTA MONICA ST,SAN ANTONIO,78212-1891,9,12,20,N,N,NA,N,1672,1.136363636,0.059808612,0.179425837,96.41148325,0.119617225,0.119617225,1.973684211,82.47607656,18.5,NA,NA,NA,NA,NA,NA,NA,NA,NA,NA,76.9,1143,16.6,31.7,19,43.52310944,46.0749855,44.79904747,548,128,511,134,420,91,24.74032106,21.66666667,23.20349386,F,-15.85213395,7.351359913,F,F,0.786720322,0.707423581,0.723991507,0.786720322,61.44509565,F,34.19974922,1284,F,66
15905002,JOHN F KENNEDY H S,EDGEWOOD ISD,BEXAR COUNTY,1922 S GENERAL MCMULLEN DR,SAN ANTONIO,78226-1196,9,12,20,N,N,NO,Y,1321,1.211203634,0.075700227,0.227100681,98.0317941,0,0.075700227,0.378501136,83.64875095,23.1,NA,NA,NA,NA,NA,NA,NA,NA,NA,NA,50.8,1145,16.9,24.7,17.4,40.85638046,48.25894547,44.55766297,495,86,421,94,305,87,19.65065502,28.52459016,24.08762259,F,-14.9951518,9.092470792,F,F,0.707317073,0.788124157,0.692118227,0.788124157,58.17837334,F,33.97903242,1289,F,67
15907002,BURBANK H S,SAN ANTONIO ISD,BEXAR COUNTY,1002 EDWARDS ST,SAN ANTONIO,78204-2698,9,12,20,N,N,NA,N,1349,0.444773907,0.074128984,0.074128984,98.36916234,0,0.148257969,0.889547813,88.13936249,13.1,NA,NA,NA,NA,NA,NA,NA,NA,NA,NA,74.7,1247,17.1,24.6,29.5,45.09283829,45.22503281,45.15893555,405,93,418,147,287,43,29.16160389,14.9825784,22.07209114,F,-17.20701582,4.865075319,F,F,0.758308157,0.802244039,0.735502122,0.802244039,63.15039218,F,33.81162355,1292,F,68
7906001,POTEET H S,POTEET ISD,ATASCOSA COUNTY,P O BOX 138,POTEET,78065-0138,9,12,20,N,N,NO,N,502,1.195219124,0,0,85.45816733,0,0.199203187,13.14741036,69.92031873,15.6,NA,NA,NA,NA,NA,NA,NA,NA,NA,NA,42.7,1259,18.1,9.4,0,49.20069885,42.74354172,45.97212029,166,48,143,60,144,17,34.95145631,11.80555556,23.37850593,F,-15.95758286,7.42092307,F,F,0.784615385,0.795918367,0.827868852,0.827868852,57.63088737,F,33.60060916,1299,F,69
46901001,NEW BRAUNFELS H S,NEW BRAUNFELS ISD,COMAL COUNTY,2551 LOOP 337 N,NEW BRAUNFELS,78130-5299,9,12,13,N,N,NO,N,1737,2.936096718,0.460564191,0.921128382,40.70236039,0.057570524,1.496833621,53.42544617,25.90673575,16.1,NA,NA,NA,NA,NA,NA,NA,NA,NA,NA,73,1514,22.7,26.5,62.7,58.69878769,58.69878769,58.69878769,712,468,653,NA,115,21,NA,18.26086957,18.26086957,F,-40.16968113,-21.90881157,F,A,0.871929825,0.878195489,0.5,0.878195489,77.59865185,B,33.16237439,1304,F,70
15907007,JEFFERSON H S,SAN ANTONIO ISD,BEXAR COUNTY,723 DONALDSON AVE,SAN ANTONIO,78201-4897,9,12,20,N,N,NA,N,1742,2.123995408,0.114810563,0.287026406,95.35017222,0,0.114810563,2.009184845,86.10792193,18.8,NA,NA,NA,NA,NA,NA,NA,NA,NA,NA,75.7,1177,15.9,35.1,11.7,45.68300629,44.83206558,45.25753594,607,168,554,149,496,69,27.30404823,13.91129032,20.60766928,F,-18.56431184,2.043357438,F,F,0.777668952,0.759706191,0.776572668,0.777668952,60.36180734,F,32.0675925,1325,F,71
7904001,LYTLE H S,LYTLE ISD,ATASCOSA COUNTY,P O BOX 190,LYTLE,78052-0190,9,12,20,N,N,NO,N,428,1.168224299,0.46728972,0.23364486,78.97196262,0,0.700934579,18.45794393,69.39252336,15.6,NA,NA,NA,NA,NA,NA,NA,NA,NA,NA,47.8,1301,17.4,2.1,0,52.32519913,34.62004471,43.47262192,150,49,139,42,110,5,31.48788927,4.545454545,18.01667191,F,-21.36602629,-3.34935438,F,F,0.891472868,0.867549669,0.840277778,0.891472868,61.15072462,F,29.82266602,1353,F,72
7901001,CHARLOTTE H S,CHARLOTTE ISD,ATASCOSA COUNTY,P O BOX 489,CHARLOTTE,78011-0489,9,12,20,N,N,NO,N,158,0,0,0,93.67088608,0,0,6.329113924,72.78481013,16.6,NA,NA,NA,NA,NA,NA,NA,NA,NA,NA,50,1219,16.3,0,0,43.13495255,45.11079788,44.12287522,59,13,54,9,54,10,19.46902655,18.51851852,18.99377253,F,-20.1306989,-1.13692637,F,F,0.714285714,0.837209302,0.810810811,0.837209302,56.93653824,F,29.7290649,1355,F,73
15822002,JUBILEE HIGHLAND HILLS,JUBILEE ACADEMIES,BEXAR COUNTY,4434 ROLAND,SAN ANTONIO,78222,PK,12,20,N,Y,NO,N,485,5.154639175,0,0.412371134,83.50515464,0,0.824742268,10.10309278,78.55670103,26.1,318,278,46.22641509,53.77358491,23.58490566,8.490566038,49.28057554,50.71942446,17.98561151,7.553956835,0,0,0,0,0,45.25165558,40.82366943,43.03766251,NA,NA,NA,NA,80,14,NA,17.5,17.5,F,-21.50047388,-4.000473876,F,F,0.875,0.736842105,0.761904762,0.875,52.86602701,F,27.35080391,1377,F,74
15822001,JUBILEE SAN ANTONIO,JUBILEE ACADEMIES,BEXAR COUNTY,4434 ROLAND,SAN ANTONIO,78222,PK,12,20,N,Y,NO,N,1126,11.90053286,0,0.444049734,82.23801066,0.26642984,0.710479574,4.440497336,72.91296625,18.5,596,502,50,50,20.46979866,8.89261745,60.15936255,39.84063745,12.94820717,3.386454183,70.6,1233,14.3,0,0,44.8178978,37.34983826,41.08386803,244,60,166,40,306,10,24.3902439,3.267973856,13.82910888,F,-25.28833695,-11.45922807,F,F,0.75,0.742857143,0.909090909,0.909090909,63.0766699,F,26.63260468,1382,F,75
15907006,HOUSTON H S,SAN ANTONIO ISD,BEXAR COUNTY,4635 E HOUSTON ST,SAN ANTONIO,78220-1792,9,12,20,N,N,NA,Y,1129,40.47829938,0.088573959,1.328609389,54.47298494,0,1.594331267,2.037201063,91.31975199,30.9,NA,NA,NA,NA,NA,NA,NA,NA,NA,NA,65,1105,14.9,34.9,2.6,45.8600502,44.01470184,44.93737602,450,76,357,60,339,46,16.85254027,13.56932153,15.2109309,F,-24.29760771,-9.086676809,F,F,0.62295082,0.642728905,0.650822669,0.650822669,50.29793868,F,25.3398922,1387,F,76
15907008,LANIER H S,SAN ANTONIO ISD,BEXAR COUNTY,1514 W CESAR E CHAVEZ BLVD,SAN ANTONIO,78207-3992,9,12,20,N,N,NA,Y,1881,1.329080276,0.212652844,0.159489633,97.34183945,0,0.106326422,0.850611377,88.25093036,20.6,NA,NA,NA,NA,NA,NA,NA,NA,NA,NA,63.3,1089,14.9,27.6,7.2,44.60107422,46.97648621,45.78878022,729,85,585,89,562,71,13.24200913,12.63345196,12.93773054,F,-26.34814449,-13.41041394,F,F,0.6700611,0.695145631,0.6443769,0.695145631,52.4817798,F,24.44946915,1392,F,77
15907005,HIGHLANDS H S,SAN ANTONIO ISD,BEXAR COUNTY,3118 ELGIN AVE,SAN ANTONIO,78210-5599,8,12,20,N,N,NA,Y,2117,6.849315068,0,0.236183278,89.5606991,0.047236656,0.33065659,2.975909306,90.69437884,23.9,310,266,56.12903226,43.87096774,20.32258065,6.451612903,73.68421053,26.31578947,2.631578947,0.37593985,63.7,1176,16.4,30.3,12.2,43.28913498,34.6183548,38.95374489,714,126,567,104,539,45,17.95472287,8.348794063,13.15175847,F,-26.30566111,-13.15390264,F,F,0.70781893,0.675247525,0.64957265,0.70781893,54.65629998,F,23.40197517,1396,F,78
