CAMPUS,camp.name,dist.name,county,camp.street,camp.city,camp.zip,low.gd,high.gd,region,aea,charter,magnet,peg,all.stud,black.pct,amer.ind.pct,asian.pct,hisp.pct,pac.isld.pct,two.race.pct,white.pct,ecodis.pct,mobility.pct,r.all.cnt,m.all.cnt,r.notmeet.pct,r.approaches.pct,r.meets.pct,r.masters.pct,m.notmeet.pct,m.approaches.pct,m.meets.pct,m.masters.pct,sat.act.part.rate,avg.sat.total.score,avg.act.total.score,ap.ib.part.rate,ap.ib.above.criterion.rate,nceread,ncemath,avg.growth,eng1.all.cnt.2,eng1.meets.cnt.2,eng2.all.cnt.2,eng2.meets.cnt.2,alg1.all.cnt.2,alg1.meets.cnt.2,w.avg,stud.ach.grade,residuals,camp.perf.score,camp.perf.grade,growth.grade,middle.total.score.33.33.33,state.rank.33.33.33,total.grade.33.33.33,region.rank
15907023,YOUNG WOMEN'S LEADERSHIP ACADEMY,SAN ANTONIO ISD,BEXAR COUNTY,2123 W HUISACHE AVE,SAN ANTONIO,78201,6,12,20,N,N,NO,N,445,3.146067416,0.449438202,1.123595506,91.23595506,0,0.674157303,3.370786517,53.25842697,8.8,179,194,1.675977654,98.32402235,87.15083799,54.18994413,0.515463918,99.48453608,89.69072165,57.73195876,100,1659,23.1,98.6,31.9,70.80786896,61.94006348,66.37396622,74,69,69,64,72,71,88.42077982,A,47.8749725,136.2957523,A,A,96.93313595,4,A+,1
15834001,BASIS SAN ANTONIO- SHAVANO CAMPUS,BASIS TEXAS,BEXAR COUNTY,8519 FLOYD CURL DR,SAN ANTONIO,78240,6,12,20,N,Y,NO,N,758,2.638522427,0.527704485,39.05013193,28.62796834,0.263852243,4.221635884,24.6701847,9.762532982,13.9,601,459,3.327787022,96.67221298,78.36938436,51.74708819,1.960784314,98.03921569,84.74945534,55.11982571,NA,NA,NA,NA,NA,56.56774902,57.37903976,56.97339439,48,47,49,46,141,89,81.55941985,A,12.51733679,94.07675664,A,A,77.4589871,34,A+,2
15910057,LOPEZ MIDDLE,NORTH EAST ISD,BEXAR COUNTY,23103 HARDY OAK BLVD,SAN ANTONIO,78258-1953,6,8,20,N,N,NO,N,1179,3.053435115,0,7.463952502,40.79728584,0.169635284,5.258693808,43.25699746,8.396946565,4.5,1169,954,7.185628743,92.81437126,73.90932421,46.19332763,5.450733753,94.54926625,77.67295597,42.8721174,NA,NA,NA,NA,NA,54.30809784,55.37634659,54.84222222,NA,NA,NA,NA,216,212,75.79114009,A,5.452529788,81.24366988,A,B,70.55505172,81,A,3
15835004,GREAT HEARTS IRVING,GREAT HEARTS TEXAS,BEXAR COUNTY,3350 W STORY RD,IRVING,75038,KG,9,20,N,Y,NO,N,752,4.122340426,0,32.31382979,15.02659574,0.132978723,4.521276596,43.88297872,9.175531915,10.4,461,376,8.893709328,91.10629067,67.89587852,41.43167028,7.446808511,92.55319149,68.35106383,38.56382979,NA,NA,NA,NA,NA,56.68991852,57.3212471,57.00558281,NA,NA,NA,NA,84,25,68.12347118,A,-1.472937291,66.65053389,A,A,63.86260276,156,A-,4
46902041,SMITHSON VALLEY MIDDLE,COMAL ISD,COMAL COUNTY,1404 IH 35 N,NEW BRAUNFELS,78130-3240,6,8,20,N,N,NO,N,1179,3.731976251,0.42408821,2.544529262,35.70822731,0.084817642,3.901611535,53.60474979,11.87446989,7,1160,1023,10.0862069,89.9137931,65.17241379,36.72413793,5.865102639,94.13489736,71.35874878,37.34115347,NA,NA,NA,NA,NA,51.71353531,54.74830246,53.23091889,NA,NA,NA,NA,138,137,68.26558129,A,1.180597285,69.44617857,A,B,63.58391202,160,A-,5
15915057,GARCIA MIDDLE,NORTHSIDE ISD,BEXAR COUNTY,14900 KYLE SEALE PKWY,SAN ANTONIO,78255,6,8,20,N,N,NO,N,1474,2.306648575,0,6.987788331,46.13297151,0.13568521,4.274084125,40.16282225,12.34735414,6.3,1470,1220,7.074829932,92.92517007,70.6122449,43.87755102,10.08196721,89.91803279,64.18032787,30.6557377,NA,NA,NA,NA,NA,55.06460571,54.11010361,54.58735466,NA,NA,NA,NA,248,224,67.39628638,A,0.741527089,68.13781347,A,B,63.31044435,162,A-,6
15910050,BUSH MIDDLE,NORTH EAST ISD,BEXAR COUNTY,1500 EVANS RD,SAN ANTONIO,78258-6900,6,8,20,N,N,NO,N,1239,4.923325262,0.726392252,6.376109766,43.66424536,0.08071025,4.11622276,40.11299435,15.65778854,7.9,1236,996,11.24595469,88.75404531,64.5631068,36.16504854,9.437751004,90.562249,68.57429719,31.52610442,NA,NA,NA,NA,NA,52.71160889,54.67153168,53.69157029,NA,NA,NA,NA,238,234,66.56870199,A,2.843944079,69.41264607,A,B,63.16108181,166,A-,7
15910056,TEJEDA MIDDLE,NORTH EAST ISD,BEXAR COUNTY,2909 E EVANS RD,SAN ANTONIO,78259-2682,6,8,20,N,N,NO,N,1144,5.06993007,0.437062937,9.178321678,39.77272727,0.262237762,3.933566434,41.34615385,18.53146853,8.8,1148,915,8.449477352,91.55052265,65.94076655,38.1533101,10.27322404,89.72677596,64.04371585,27.65027322,NA,NA,NA,NA,NA,52.30530167,53.32015228,52.81272698,NA,NA,NA,NA,238,219,64.9922412,A,3.694978457,68.68721966,A,B,62.10189855,188,A-,8
15835002,GREAT HEARTS MONTE VISTA NORTH,GREAT HEARTS TEXAS,BEXAR COUNTY,319 MULBERRY AVE,SAN ANTONIO,78212,6,12,20,N,Y,NO,N,334,2.095808383,0,2.694610778,48.50299401,0,2.694610778,44.01197605,17.66467066,13.5,197,126,6.598984772,93.40101523,69.03553299,40.10152284,16.66666667,83.33333333,58.73015873,28.57142857,NA,NA,NA,NA,NA,55.12934113,53.97353745,54.55143929,53,45,44,40,75,26,63.88284586,A,1.864709733,65.7475556,A,B,61.33255297,198,A-,9
15827002,SCHOOL OF SCIENCE AND TECHNOLOGY - ALAMO,SCHOOL OF SCIENCE AND TECHNOLOGY,BEXAR COUNTY,12200 CROWNPOINT DR STE 100,SAN ANTONIO,78233,KG,8,20,N,Y,NA,N,431,11.60092807,0,4.176334107,54.75638051,0,5.568445476,23.89791183,48.95591647,13.4,279,258,22.22222222,77.41935484,51.61290323,33.33333333,12.79069767,87.20930233,60.85271318,32.17054264,NA,NA,NA,NA,NA,50.78329849,62.19534683,56.48932266,NA,NA,NA,NA,21,21,56.2328082,B,13.85443372,70.08724192,A,A,60.87552114,212,A-,10
15822007,JUBILEE LIVING WAY,JUBILEE ACADEMIES,BEXAR COUNTY,4434 ROLAND RD,SAN ANTONIO,78222,PK,12,20,N,Y,NO,N,359,0,0,1.114206128,97.21448468,0,0,1.671309192,69.63788301,10.7,136,136,16.91176471,79.41176471,52.94117647,32.35294118,13.97058824,83.82352941,53.67647059,30.14705882,NA,NA,NA,NA,NA,52.87911224,56.73460007,54.80685616,NA,NA,NA,NA,NA,NA,53.30882353,B,19.97227546,73.28109899,A,B,60.4051273,222,A-,11
15906041,RANDOLPH MIDDLE,RANDOLPH FIELD ISD,BEXAR COUNTY,P O BOX 2217,UNIVERSAL CITY,78148-1217,6,8,20,N,N,NO,N,353,18.41359773,0,3.399433428,22.3796034,1.416430595,11.04815864,43.3427762,8.781869688,11.4,356,315,8.426966292,91.57303371,65.4494382,37.64044944,6.666666667,93.33333333,64.12698413,24.76190476,NA,NA,NA,NA,NA,54.76721954,58.67475891,56.72098923,NA,NA,NA,NA,41,41,64.78821116,A,-5.182471967,59.6057392,B,A,60.31127488,224,A-,12
46902045,CHURCH HILL MIDDLE,COMAL ISD,COMAL COUNTY,1404 IH 35 N,NEW BRAUNFELS,78130-3240,6,8,20,N,N,NO,N,991,1.311806256,0,2.018163471,40.96871847,0.100908174,1.917255298,53.68314834,28.45610494,10.3,960,863,13.75,86.25,59.79166667,33.64583333,12.74623407,87.25376593,59.55967555,25.60834299,NA,NA,NA,NA,NA,50.54990768,53.27291107,51.91140938,NA,NA,NA,NA,96,96,59.67567111,B,5.931709772,65.60738088,A,C,59.00575563,257,B+,13
15836001,ELEANOR KOLITZ HEBREW LANGUAGE ACADEMY,ELEANOR KOLITZ HEBREW LANGUAGE ACADEMY,BEXAR COUNTY,12500 NW MILITARY HWY STE 150,SAN ANTONIO,78231,KG,8,20,N,Y,NO,N,295,2.372881356,0,5.084745763,50.16949153,0,4.745762712,37.62711864,13.22033898,19,163,160,6.134969325,93.86503067,61.96319018,35.58282209,5.625,94.375,63.125,26.875,NA,NA,NA,NA,NA,56.83506393,52.93424988,54.88465691,NA,NA,NA,NA,4,NA,62.54409509,A,-3.324108491,59.2199866,B,B,58.82402995,263,B+,14
46902044,SPRING BRANCH MIDDLE,COMAL ISD,COMAL COUNTY,1404 IH 35 N,NEW BRAUNFELS,78130-3240,6,8,20,N,N,NO,N,1074,1.675977654,0.279329609,1.489757914,38.45437616,0.09310987,2.886405959,55.12104283,20.11173184,6.8,1045,932,13.01435407,86.98564593,60.66985646,32.44019139,13.94849785,86.05150215,59.87124464,29.50643777,NA,NA,NA,NA,NA,52.54656601,54.65598679,53.6012764,NA,NA,NA,NA,112,107,60.27055055,A,0.26232332,60.53287387,A,B,58.07676537,283,B+,15
15910059,HILL MIDDLE,NORTH EAST ISD,BEXAR COUNTY,21314 BULVERDE RD,SAN ANTONIO,78259,6,8,20,N,N,NO,N,1102,5.353901996,0.090744102,5.263157895,46.73321234,0.362976407,4.627949183,37.56805808,19.23774955,10.1,1082,910,12.19963031,87.80036969,64.23290203,36.5064695,12.41758242,87.58241758,56.59340659,24.94505495,NA,NA,NA,NA,NA,52.80551147,53.56093979,53.18322563,NA,NA,NA,NA,178,163,60.41315431,A,-0.303968026,60.10918629,A,B,57.84395355,288,B+,16
163902001,D'HANIS SCHOOL,D'HANIS ISD,MEDINA COUNTY,P O BOX 307,D'HANIS,78850-0307,EE,12,20,N,N,NO,N,380,0,0,0.263157895,49.21052632,0,1.578947368,48.94736842,55,8.4,170,158,13.52941176,86.47058824,59.41176471,32.94117647,17.08860759,82.91139241,49.36708861,25.94936709,59.3,1314,21,1.7,100,47.08631897,46.53564835,46.81098366,22,10,22,6,22,11,54.38942666,B,14.61561926,69.00504592,A,F,56.67841693,321,B+,17
15827001,SCHOOL OF SCIENCE AND TECHNOLOGY,SCHOOL OF SCIENCE AND TECHNOLOGY,BEXAR COUNTY,1450 NE LOOP 410,SAN ANTONIO,78209,6,12,20,N,Y,NA,N,457,8.096280088,0,5.689277899,58.64332604,0,4.376367615,23.19474836,46.6083151,9.6,147,121,11.56462585,88.43537415,59.18367347,29.25170068,15.70247934,84.29752066,47.10743802,21.48760331,100,1456,24.3,38.5,58,53.15054321,51.17377472,52.16215897,97,68,92,72,80,46,53.14555574,B,9.74514065,62.89069639,A,B,56.0100709,336,B+,18
15831003,SCHOOL OF SCIENCE AND TECHNOLOGY ADVANCEMENT,SCHOOL OF SCIENCE AND TECHNOLOGY DISCOVERY,BEXAR COUNTY,10550 WESTOFFICE DR,HOUSTON,77042,KG,8,20,N,Y,NO,N,238,49.57983193,0.420168067,11.34453782,23.52941176,0,2.100840336,13.02521008,73.94957983,0,133,133,27.06766917,72.18045113,42.10526316,20.30075188,12.78195489,86.46616541,53.38345865,27.06766917,NA,NA,NA,NA,NA,51.04292679,58.43810654,54.74051667,NA,NA,NA,NA,NA,NA,47.7443609,B,15.77334546,63.51770636,A,B,55.27886045,356,B+,19
15828005,HARMONY SCIENCE ACADEMY - BROWNSVILLE,HARMONY SCIENCE ACAD (SAN ANTONIO),BEXAR COUNTY,1124 CENTRAL BLVD,BROWNSVILLE,78520,EE,12,20,N,Y,NO,N,519,0.192678227,0,0.770712909,97.30250482,0,0.385356455,1.348747592,86.31984586,9.9,275,246,25.45454545,73.09090909,43.27272727,21.09090909,20.73170732,77.64227642,51.62601626,26.42276423,100,1366,17.6,45.5,60,50.42553711,51.90996933,51.16775322,57,28,50,27,57,43,47.44937177,B,18.27629149,65.72566326,A,C,54.72614848,369,B+,20
15915058,BRISCOE MIDDLE,NORTHSIDE ISD,BEXAR COUNTY,4265 LONE STAR PKWY,SAN ANTONIO,78253,6,8,20,N,N,NO,N,1095,10.2283105,0.091324201,2.831050228,53.05936073,0.365296804,5.114155251,28.31050228,19.9086758,11.8,1094,981,15.26508227,84.73491773,57.86106033,29.98171846,13.25178389,86.74821611,56.88073394,27.11518858,NA,NA,NA,NA,NA,51.91811371,50.69955444,51.30883408,NA,NA,NA,NA,112,101,57.37089714,B,-2.801143589,54.56975355,B,C,54.36207843,379,B+,21
7902041,JOURDANTON J H,JOURDANTON ISD,ATASCOSA COUNTY,200 ZANDERSON AVE,JOURDANTON,78026-3045,6,8,20,N,N,NO,N,324,1.851851852,0,0,56.17283951,0,0.617283951,41.35802469,54.01234568,11,334,332,22.45508982,77.54491018,45.80838323,19.16167665,16.86746988,83.13253012,54.81927711,23.19277108,NA,NA,NA,NA,NA,52.55702591,52.16530991,52.36116791,NA,NA,NA,NA,NA,NA,50.31383017,B,10.10072565,60.41455582,A,B,54.30882145,380,B+,22
94904041,MARION MIDDLE,MARION ISD,GUADALUPE COUNTY,P O BOX 189,MARION,78124-0189,6,8,20,N,N,NO,N,313,0.319488818,0,0.638977636,42.8115016,0,2.875399361,53.35463259,44.7284345,10.1,317,296,20.82018927,79.17981073,48.89589905,23.34384858,16.21621622,83.78378378,55.74324324,15.87837838,NA,NA,NA,NA,NA,48.61205673,51.17576599,49.89391136,NA,NA,NA,NA,22,21,52.31957115,B,8.043292905,60.36286405,A,D,54.1379234,384,B+,23
15835003,GREAT HEARTS NORTHERN OAKS,GREAT HEARTS TEXAS,BEXAR COUNTY,17223 JONES MALTSBERGER RD,SAN ANTONIO,78427,KG,9,20,N,Y,NO,N,793,3.15258512,0,6.809583859,33.41740227,0.25220681,4.035308953,52.33291299,9.457755359,13.6,503,413,9.741550696,90.2584493,63.61829026,39.76143141,12.83292978,87.16707022,54.23728814,26.39225182,NA,NA,NA,NA,NA,53.69007111,54.80693436,54.24850274,NA,NA,NA,NA,92,35,58.9277892,B,-10.4015432,48.526246,B,B,53.84694513,396,B+,24
15822008,JUBILEE HARLINGEN,JUBILEE ACADEMIES,BEXAR COUNTY,4434 ROLAND,SAN ANTONIO,78222,PK,12,20,N,Y,NO,N,241,0,0,0,93.36099585,0,1.244813278,5.394190871,65.56016598,15.4,98,98,25.51020408,74.48979592,51.02040816,27.55102041,23.46938776,76.53061224,45.91836735,32.65306122,NA,NA,NA,NA,NA,48.75047684,53.34895706,51.04971695,NA,NA,NA,NA,NA,NA,48.46938776,B,13.36877034,61.83815809,A,C,53.73196851,406,B+,25
15828001,HARMONY SCIENCE ACAD (SAN ANTONIO),HARMONY SCIENCE ACAD (SAN ANTONIO),BEXAR COUNTY,8505 LAKESIDE PKWY,SAN ANTONIO,78245,6,12,20,N,Y,NO,N,732,7.513661202,0.409836066,2.732240437,76.36612022,0.273224044,1.229508197,11.47540984,65.30054645,18.6,372,344,21.77419355,78.22580645,43.8172043,22.04301075,18.60465116,81.39534884,50.58139535,20.34883721,100,1412,19.3,37.3,28.9,53.33963013,53.92713928,53.63338471,116,56,120,80,120,59,47.19929982,B,11.97943178,59.1787316,B,B,53.28380157,427,B,26
15915053,RAWLINSON MIDDLE,NORTHSIDE ISD,BEXAR COUNTY,14100 VANCE JACKSON,SAN ANTONIO,78249,6,8,20,N,N,NO,N,1203,5.153782211,0.08312552,5.40315877,54.53034081,0.249376559,2.826267664,31.75394846,30.34081463,16.3,1183,1066,16.8216399,83.1783601,55.62130178,30.43110735,15.10318949,84.89681051,51.59474672,23.92120075,NA,NA,NA,NA,NA,51.65387726,49.8340683,50.74397278,NA,NA,NA,NA,117,98,53.60802425,B,1.134984262,54.74300851,B,C,52.97863684,436,B,27
94902042,DOBIE J H,SCHERTZ-CIBOLO-U CITY ISD,GUADALUPE COUNTY,395 W BORGFELD RD,CIBOLO,78108-3125,7,8,20,N,N,NO,N,1184,14.52702703,0.422297297,2.533783784,39.18918919,0.422297297,5.152027027,37.75337838,22.46621622,9.3,1188,999,16.75084175,83.24915825,53.36700337,25.67340067,11.91191191,88.08808809,58.25825826,21.12112112,NA,NA,NA,NA,NA,48.71492386,49.67504883,49.19498635,NA,NA,NA,NA,191,178,55.81263081,B,-2.335331655,53.47729916,B,D,52.77547713,446,B,28
15831001,SCHOOL OF SCIENCE AND TECHNOLOGY DISCOVERY,SCHOOL OF SCIENCE AND TECHNOLOGY DISCOVERY,BEXAR COUNTY,5707 BANDERA RD,LEON VALLEY,78238,KG,8,20,N,Y,NO,N,483,8.281573499,0.207039337,11.5942029,62.93995859,0,2.691511387,14.28571429,55.27950311,17.1,299,278,23.7458194,76.2541806,46.15384615,23.41137124,15.10791367,84.89208633,51.43884892,25.53956835,NA,NA,NA,NA,NA,49.2225647,51.89869308,50.56062889,NA,NA,NA,NA,21,17,48.79634754,B,9.147349603,57.94369714,B,C,52.3811243,461,B,29
15907177,YOUNG MEN'S LEADERSHIP ACADEMY,SAN ANTONIO ISD,BEXAR COUNTY,415 GABRIEL ST,SAN ANTONIO,78202,4,8,20,N,N,NO,N,196,15.81632653,0,0.510204082,81.12244898,0,0,2.551020408,69.89795918,14.4,181,181,24.30939227,75.69060773,42.54143646,19.88950276,17.67955801,82.32044199,51.38121547,16.57458564,NA,NA,NA,NA,NA,49.91113663,48.99541092,49.45327378,NA,NA,NA,NA,NA,NA,46.96132597,B,13.72396998,60.68529595,A,D,52.31426526,469,B,30
15901041,ALAMO HEIGHTS J H,ALAMO HEIGHTS ISD,BEXAR COUNTY,7607 N NEW BRAUNFELS AVE,SAN ANTONIO,78209-2799,6,8,20,N,N,NO,N,1143,2.012248469,0.174978128,2.449693788,41.20734908,0.262467192,0.349956255,53.54330709,20.29746282,5.9,1120,927,15.89285714,84.10714286,57.23214286,33.39285714,16.18122977,83.81877023,52.85868393,19.84897519,NA,NA,NA,NA,NA,52.43180847,50.9808197,51.70631409,1,NA,NA,NA,196,193,55.04541339,B,-4.813447307,50.23196608,B,C,52.27556996,472,B,31
15828003,HARMONY SCIENCE ACADEMY - LAREDO,HARMONY SCIENCE ACAD (SAN ANTONIO),BEXAR COUNTY,4401 SAN FRANCISCO AVE,LAREDO,78041,6,12,20,N,Y,NO,N,741,0.674763833,0.269905533,0.809716599,95.68151147,0,0.134952767,2.429149798,70.85020243,5.8,441,394,24.26303855,75.73696145,43.53741497,19.72789116,18.02030457,81.97969543,45.43147208,18.52791878,94.6,1312,17,25.7,41.4,51.98611069,57.24902725,54.61756897,105,68,80,39,108,93,44.48444352,C,11.589138,56.07358152,B,B,51.67347281,499,B,32
15915060,BERNAL MIDDLE,NORTHSIDE ISD,BEXAR COUNTY,14045 SAN ANTONIO,SAN ANTONIO,78253,6,8,20,N,N,NO,N,827,9.068923821,0.483675937,0.967351874,55.86457074,0.725513906,6.529625151,26.36033857,29.9879081,12.5,821,721,15.95615104,84.04384896,52.49695493,26.9183922,14.5631068,85.4368932,49.93065187,17.47572816,NA,NA,NA,NA,NA,52.56653595,55.38063049,53.97358322,NA,NA,NA,NA,98,92,51.2138034,B,-1.49263213,49.72117127,B,B,51.58454978,503,B,33
15915059,FOLKS MIDDLE,NORTHSIDE ISD,BEXAR COUNTY,9855 SWAYBACK RANCH,SAN ANTONIO,78254,6,8,20,N,N,NO,N,1002,6.586826347,0,2.794411178,58.58283433,0.499001996,4.491017964,27.04590818,25.4491018,11.5,1011,909,13.84767557,86.15232443,58.65479723,31.65182987,15.40154015,84.59845985,47.74477448,14.08140814,NA,NA,NA,NA,NA,52.41711807,48.101017,50.25906754,NA,NA,NA,NA,101,97,53.19978585,B,-2.694950877,50.50483498,B,C,51.26990823,517,B,34
15910048,BRADLEY MIDDLE,NORTH EAST ISD,BEXAR COUNTY,14819 HEIMER RD,SAN ANTONIO,78232-4500,6,8,20,N,N,NO,N,1259,3.812549643,0.63542494,1.906274821,51.31056394,0,3.335980937,38.99920572,33.75694996,10.1,1253,1068,15.80207502,84.19792498,54.74860335,31.60415004,21.25468165,78.74531835,45.41198502,17.79026217,NA,NA,NA,NA,NA,53.88269806,53.0031395,53.44291878,NA,NA,NA,NA,184,168,50.08029419,B,-0.23271651,49.84757768,B,B,51.07247328,529,B,35
15915055,JEFFERSON MIDDLE,NORTHSIDE ISD,BEXAR COUNTY,10900 SCHAENFIELD RD,SAN ANTONIO,78254,6,8,20,N,N,NO,N,1500,5.8,0.066666667,2.6,64.53333333,0.333333333,3.2,23.46666667,38.86666667,9.3,1457,1315,15.09951956,84.90048044,54.15236788,28.27728209,15.2851711,84.7148289,44.7148289,14.75285171,NA,NA,NA,NA,NA,51.52197266,49.95684814,50.7394104,1,NA,NA,NA,145,145,49.43359839,B,2.071610281,51.50520867,B,C,50.50884641,555,B,36
94903041,NAVARRO J H,NAVARRO ISD,GUADALUPE COUNTY,6450 N STATE HWY 123,SEGUIN,78155-0010,7,8,13,N,N,NO,N,307,2.605863192,0,0.325732899,45.27687296,0,1.628664495,50.16286645,27.36156352,10.8,311,263,15.75562701,84.24437299,52.41157556,28.93890675,18.25095057,81.74904943,53.6121673,21.6730038,NA,NA,NA,NA,NA,48.47937393,44.76335907,46.6213665,NA,NA,NA,NA,49,45,53.01187143,B,-1.499045792,51.51282564,B,F,50.33163917,564,B,37
163908042,MEDINA VALLEY MIDDLE,MEDINA VALLEY ISD,MEDINA COUNTY,8395 F M 471 S,CASTROVILLE,78009-5309,6,8,20,N,N,NO,N,1093,2.74473925,0.640439158,0.457456542,58.64592864,0.182982617,2.653247941,34.67520586,52.33302836,13.7,1096,1017,21.35036496,78.64963504,45.62043796,21.98905109,18.5840708,81.4159292,49.65585054,19.56735497,NA,NA,NA,NA,NA,48.44252014,49.23968124,48.84110069,NA,NA,NA,NA,80,79,47.63814425,B,6.690423035,54.32856728,B,D,50.21900147,570,B,38
46901041,NEW BRAUNFELS MIDDLE,NEW BRAUNFELS ISD,COMAL COUNTY,4150 KLEIN MEADOW,NEW BRAUNFELS,78130,6,9,13,N,N,NO,N,1068,3.370786517,0.561797753,0.74906367,50.37453184,0,2.059925094,42.88389513,34.73782772,10.9,1038,740,17.6300578,82.3699422,48.55491329,23.50674374,16.89189189,83.10810811,50.40540541,19.18918919,NA,NA,NA,NA,NA,50.25355148,53.73090744,51.99222946,NA,NA,NA,NA,298,194,49.48015935,B,-0.242921163,49.23723819,B,C,50.18630579,572,B,39
7901041,CHARLOTTE MIDDLE,CHARLOTTE ISD,ATASCOSA COUNTY,P O BOX 489,CHARLOTTE,78011-0489,5,8,20,N,N,NO,Y,141,0,0,0,92.90780142,0,0,7.092198582,75.17730496,18.6,134,133,27.6119403,72.3880597,40.29850746,13.43283582,23.30827068,76.69172932,43.60902256,15.03759398,NA,NA,NA,NA,NA,53.72880936,52.00513077,52.86697007,NA,NA,NA,NA,NA,NA,41.95376501,C,10.29874067,52.25250568,B,B,48.97538917,616,B,40
46901042,OAKRUN MIDDLE,NEW BRAUNFELS ISD,COMAL COUNTY,415 TIMBER HOLLOW,NEW BRAUNFELS,78132-3849,6,9,13,N,N,NO,N,937,1.494130203,0.426894344,0.853788687,41.30202775,0,1.280683031,54.64247599,31.0565635,10.9,937,701,16.75560299,83.24439701,53.68196371,27.85485592,23.25249643,76.74750357,44.50784593,17.9743224,NA,NA,NA,NA,NA,50.62120438,50.18085861,50.4010315,NA,NA,NA,NA,476,354,49.09490482,B,-2.91096705,46.18393777,B,C,48.51139807,638,B-,41
15831002,SCHOOL OF SCIENCE AND TECHNOLOGY CORPUS CHRISTI,SCHOOL OF SCIENCE AND TECHNOLOGY DISCOVERY,BEXAR COUNTY,5707 BANDERA RD,LEON VALLEY,78238,KG,12,20,N,Y,NO,N,813,4.55104551,0.12300123,2.4600246,63.46863469,0,1.47601476,27.92127921,55.59655597,14.5,457,441,20.56892779,79.43107221,43.76367615,23.63238512,20.63492063,79.36507937,45.57823129,21.99546485,100,1507,21.5,NA,NA,50.61777115,50.63972473,50.62874794,36,13,31,15,49,29,44.67095372,C,5.163702173,49.83465589,B,C,48.32974107,648,B-,42
15826043,KIPP PODER ACADEMY,KIPP SAN ANTONIO,BEXAR COUNTY,128 S AUDUBON RD,SAN ANTONIO,78212,5,8,20,N,Y,NO,N,225,1.333333333,0.444444444,0.444444444,94.66666667,0,0.444444444,2.666666667,84.88888889,21.3,231,231,35.4978355,64.5021645,32.9004329,16.88311688,19.04761905,80.08658009,42.85714286,14.28571429,NA,NA,NA,NA,NA,56.55698776,60.3385849,58.44778633,NA,NA,NA,NA,NA,NA,37.87878788,C,8.432542932,46.31133081,B,A,47.49842237,689,B-,43
46902042,CANYON MIDDLE,COMAL ISD,COMAL COUNTY,1404 IH 35 N,NEW BRAUNFELS,78130-3240,6,8,20,N,N,NO,N,1146,3.228621291,0.17452007,0.698080279,46.07329843,0.34904014,3.839441536,45.63699825,39.35427574,13,1155,1055,27.70562771,72.29437229,43.54978355,19.82683983,21.04265403,78.95734597,48.90995261,16.96682464,NA,NA,NA,NA,NA,48.93055344,52.60260773,50.76658059,NA,NA,NA,NA,101,92,46.22986808,B,-0.864487233,45.36538085,B,C,47.40648923,694,B-,44
94902041,RAY D CORBETT J H,SCHERTZ-CIBOLO-U CITY ISD,GUADALUPE COUNTY,12000 RAY CORBETT DR,SCHERTZ,78154-1899,7,8,20,N,N,NO,N,1237,9.539207761,0.565885206,1.697655618,39.53112369,0.080840744,4.607922393,43.97736459,32.33629749,12.5,1196,964,19.56521739,80.43478261,52.25752508,27.84280936,25,75,44.39834025,14.73029046,NA,NA,NA,NA,NA,48.97887039,47.2507019,48.11478615,NA,NA,NA,NA,233,208,48.32793267,B,-2.862471697,45.46546097,B,D,47.25542387,702,B-,45
15910042,GARNER MIDDLE,NORTH EAST ISD,BEXAR COUNTY,4302 HARRY WURZBACH RD,SAN ANTONIO,78209-2498,6,8,20,N,N,NO,N,1004,11.85258964,0.099601594,0.996015936,68.12749004,0.199203187,2.589641434,16.13545817,70.81673307,20.9,957,874,29.25809822,70.74190178,38.34900731,17.76384535,28.03203661,71.96796339,39.01601831,12.01372998,NA,NA,NA,NA,NA,52.7948494,55.5677948,54.1813221,NA,NA,NA,NA,82,69,38.68251281,C,5.775792346,44.45830516,C,B,45.72827264,771,B-,46
15913001,VIRGINIA ALLRED STACEY JR/SR H S,LACKLAND ISD,BEXAR COUNTY,2460 KENLY AVE BLDG 8265,SAN ANTONIO,78236-1244,6,12,20,N,N,NO,N,390,22.05128205,0.512820513,1.538461538,22.82051282,2.051282051,9.743589744,41.28205128,29.74358974,19.8,213,198,16.90140845,83.09859155,49.76525822,26.29107981,14.14141414,85.85858586,43.93939394,10.60606061,68.6,1561,22.5,38,37,51.01087189,48.24831009,49.62959099,53,26,39,28,67,52,46.85232608,B,-6.016899263,40.83542681,C,D,45.72667551,772,B-,47
15915054,LUNA MIDDLE,NORTHSIDE ISD,BEXAR COUNTY,200 N GROSENBACHER,SAN ANTONIO,78253,6,8,20,N,N,NO,N,1291,9.45003873,0,1.704105345,60.96049574,0.464756003,4.957397366,22.46320682,41.51820294,13.4,1268,1153,19.87381703,80.12618297,47.87066246,21.05678233,21.94275802,78.05724198,41.89071986,13.18300087,NA,NA,NA,NA,NA,48.97077179,47.94002914,48.45540047,NA,NA,NA,NA,115,108,44.88069116,C,-1.048899997,43.83179116,C,D,45.67690497,775,B-,48
15914001,ROBERT G COLE MIDDLE/HIGH SCHOOL,FT SAM HOUSTON ISD,BEXAR COUNTY,4001 WINANS RD,SAN ANTONIO,78234-1498,6,12,20,N,N,NO,N,690,20.57971014,0.869565217,2.31884058,37.97101449,1.014492754,7.391304348,29.85507246,22.89855072,16.6,302,271,18.87417219,81.12582781,52.31788079,29.47019868,23.24723247,76.75276753,41.32841328,13.28413284,83.7,1482,22.5,37.3,47,53.92221832,53.77356339,53.84789086,110,73,93,55,112,75,46.82314704,B,-10.99106865,35.83207839,C,B,45.45553772,785,B-,49
46902046,MT VALLEY MIDDLE,COMAL ISD,COMAL COUNTY,1404 IH 35 N,NEW BRAUNFELS,78130-3240,6,8,20,N,N,NO,N,741,0.269905533,0.269905533,0.134952767,28.34008097,0,2.834008097,68.1511471,43.58974359,15.8,740,676,23.91891892,76.08108108,47.02702703,22.2972973,23.37278107,76.62721893,40.53254438,11.09467456,NA,NA,NA,NA,NA,51.67977524,47.74401093,49.71189309,NA,NA,NA,NA,66,61,43.7797857,C,-1.064437313,42.71534839,C,D,45.35694005,792,B-,50
15822010,JUBILEE BROWNSVILLE,JUBILEE ACADEMIES,BEXAR COUNTY,4955 PABLO KISEL,BROWNSVILLE,78526,PK,12,20,N,Y,NO,N,999,0,0,0.2002002,97.2972973,0,0,2.502502503,67.56756757,0,703,555,24.75106686,74.6799431,42.53200569,19.20341394,23.96396396,75.31531532,36.75675676,16.93693694,NA,NA,NA,NA,NA,49.07281494,50.51968765,49.7962513,166,94,146,72,318,170,39.64438122,C,5.449362055,45.09374328,B,D,44.79994714,823,C+,51
15915050,STINSON MIDDLE,NORTHSIDE ISD,BEXAR COUNTY,13200 SKYHAWK,SAN ANTONIO,78249-3830,6,8,20,N,N,NO,N,1171,5.12382579,0.085397096,6.319385141,64.64560205,0.085397096,2.561912895,21.17847993,42.27156277,10.6,1136,1028,21.3028169,78.6971831,48.76760563,24.47183099,26.6536965,73.3463035,38.03501946,13.22957198,NA,NA,NA,NA,NA,49.3269043,47.85004044,48.58847237,NA,NA,NA,NA,110,99,43.40131254,C,-2.13047922,41.27083332,C,D,44.37578587,846,C+,52
163901041,DEVINE MIDDLE,DEVINE ISD,MEDINA COUNTY,400 CARDINAL,DEVINE,78016-1903,6,8,20,N,N,NO,N,456,0.438596491,0,0.219298246,58.55263158,0.219298246,0.438596491,40.13157895,55.04385965,9.4,445,444,26.06741573,73.93258427,41.79775281,18.65168539,25.45045045,74.54954955,40.09009009,12.83783784,NA,NA,NA,NA,NA,50.16597366,49.96974564,50.06785965,NA,NA,NA,NA,2,NA,40.94392145,C,1.18968815,42.1336096,C,C,44.3374151,848,C+,53
15802001,GEORGE GERVIN ACADEMY,GEORGE GERVIN ACADEMY,BEXAR COUNTY,6944 SUNBELT DR,SAN ANTONIO,78218,PK,12,20,N,Y,NO,N,1246,38.04173355,0,0.321027287,55.45746388,0.080256822,3.691813804,2.407704655,93.7399679,39.2,169,168,42.6035503,53.84615385,26.03550296,10.65088757,26.19047619,70.83333333,39.28571429,22.02380952,28.1,NA,14.8,NA,NA,52.45236969,70.82740021,61.63988495,44,21,39,4,25,24,32.66060862,D,4.651436154,37.31204478,C,A,43.82697527,873,C+,54
15910049,DRISCOLL MIDDLE,NORTH EAST ISD,BEXAR COUNTY,17150 JONES MALTSBERGER RD,SAN ANTONIO,78247-2812,6,8,20,N,N,NO,N,826,5.811138015,0.484261501,2.179176755,59.07990315,0,4.11622276,28.32929782,50.12106538,10.5,807,710,23.17224287,76.82775713,43.866171,20.19826518,25.49295775,74.50704225,36.76056338,8.591549296,NA,NA,NA,NA,NA,51.79411316,53.03308487,52.41359902,NA,NA,NA,NA,95,80,40.31336719,C,-1.572302809,38.74106438,C,B,43.77885419,876,C+,55
15910058,HARRIS MIDDLE,NORTH EAST ISD,BEXAR COUNTY,5300 KNOLL CREEK,SAN ANTONIO,78247-5858,6,8,20,N,N,NO,N,1116,4.301075269,0.17921147,3.136200717,61.02150538,0.17921147,2.777777778,28.40501792,44.62365591,10.4,1109,965,21.73128945,78.26871055,45.08566276,22.00180343,23.10880829,76.89119171,38.34196891,12.33160622,NA,NA,NA,NA,NA,49.92949677,50.29593658,50.11271668,NA,NA,NA,NA,144,127,41.71381584,C,-2.613397202,39.10041863,C,C,43.59867473,886,C+,56
15827003,SCHOOL OF SCIENCE AND TECHNOLOGY HOUSTON,SCHOOL OF SCIENCE AND TECHNOLOGY,BEXAR COUNTY,16200 TX 249,HOUSTON,77086,KG,8,20,N,Y,NA,N,350,38.57142857,0,9.714285714,38,0.285714286,2.285714286,11.14285714,55.42857143,0,183,183,33.87978142,66.12021858,42.07650273,22.95081967,27.32240437,72.67759563,39.3442623,16.93989071,NA,NA,NA,NA,NA,46.293293,47.73182297,47.01255799,NA,NA,NA,NA,NA,NA,40.71038251,C,1.128010156,41.83839267,C,F,43.14392395,913,C+,57
15825001,LIGHTHOUSE CHARTER SCHOOL - B CAMPUS,LIGHTHOUSE CHARTER SCHOOL,BEXAR COUNTY,8138 WESTSHIRE DR,SAN ANTONIO,78227,PK,12,20,N,Y,NO,N,213,11.26760563,0,0,82.15962441,0,1.408450704,5.164319249,85.91549296,24.7,176,176,34.09090909,65.90909091,30.11363636,11.36363636,25.56818182,74.43181818,40.90909091,15.90909091,NA,NA,NA,NA,NA,51.64133835,48.83369446,50.23751641,NA,NA,NA,NA,NA,NA,35.51136364,C,6.262838023,41.77420166,C,C,42.46518621,947,C+,58
15910045,JACKSON MIDDLE,NORTH EAST ISD,BEXAR COUNTY,4538 VANCE JACKSON RD,SAN ANTONIO,78230-5380,6,8,20,N,N,NO,N,818,4.88997555,0,0.244498778,81.29584352,0.122249389,0.855745721,12.59168704,70.04889976,17.2,806,713,34.98759305,65.01240695,34.86352357,17.24565757,30.01402525,69.98597475,36.6058906,9.5371669,NA,NA,NA,NA,NA,51.1268425,55.20775604,53.16729927,NA,NA,NA,NA,93,69,35.73470709,C,2.553844719,38.28855181,C,B,42.35445587,950,C+,59
15910043,KRUEGER MIDDLE,NORTH EAST ISD,BEXAR COUNTY,438 LANARK DR,SAN ANTONIO,78218-1826,6,8,20,N,N,YES,N,959,9.384775808,0.208550574,1.564129301,70.38581856,0.208550574,2.606882169,15.64129301,74.55683003,20.4,942,799,35.35031847,64.64968153,40.55201699,21.33757962,37.17146433,62.82853567,31.28911139,12.14017522,NA,NA,NA,NA,NA,49.79364777,52.3110466,51.05234719,NA,NA,NA,NA,144,129,35.92056419,C,4.108477198,40.02904139,C,C,42.29165027,955,C+,60
15915049,ZACHRY MIDDLE,NORTHSIDE ISD,BEXAR COUNTY,9410 TIMBER PATH,SAN ANTONIO,78250-4900,6,8,20,N,N,NO,N,1009,7.234886026,0,1.387512389,77.40336967,0,1.7839445,12.19028741,70.96134787,13.8,973,896,26.51593011,73.48406989,35.66289825,15.62178828,26.11607143,73.88392857,38.95089286,9.709821429,NA,NA,NA,NA,NA,47.64146042,47.35439301,47.49792672,NA,NA,NA,NA,78,64,37.30689555,C,4.449158414,41.75605397,C,F,42.14477179,964,C+,61
15915051,JORDAN MIDDLE,NORTHSIDE ISD,BEXAR COUNTY,1725 RICHLAND HILLS DR,SAN ANTONIO,78251-2978,6,8,20,N,N,NO,N,1316,9.498480243,0,2.507598784,72.11246201,0.151975684,2.811550152,12.91793313,53.2674772,19.3,1281,1195,25.37080406,74.62919594,41.99843872,17.95472287,28.36820084,71.63179916,36.90376569,11.54811715,NA,NA,NA,NA,NA,49.89310455,47.5151825,48.70414353,NA,NA,NA,NA,86,80,39.45110221,C,-1.090728623,38.36037358,C,D,42.12970123,966,C+,62
15910041,EISENHOWER MIDDLE,NORTH EAST ISD,BEXAR COUNTY,8231 BLANCO RD,SAN ANTONIO,78216-3499,6,8,20,N,N,NO,N,1138,6.414762742,0.263620387,2.196836555,68.62917399,0.175746924,2.284710018,20.03514938,55.53602812,18.9,1110,961,30.72072072,69.27927928,39.90990991,19.90990991,31.73777315,68.26222685,36.83662851,12.59105099,NA,NA,NA,NA,NA,48.2745285,53.34718323,50.81085587,NA,NA,NA,NA,147,123,38.37326921,C,-1.161054171,37.21221504,C,C,42.08998126,972,C+,63
163904041,MCDOWELL MIDDLE,HONDO ISD,MEDINA COUNTY,1602 27TH ST S,HONDO,78861,6,8,20,N,N,NO,N,443,0.677200903,0,0.451467269,71.33182844,0,1.128668172,26.41083521,59.36794582,9.2,443,411,31.37697517,68.62302483,38.1489842,17.83295711,28.95377129,71.04622871,37.71289538,15.57177616,NA,NA,NA,NA,NA,49.46691895,50.67976761,50.07334328,NA,NA,NA,NA,33,33,37.93093979,C,0.102894849,38.03383464,C,C,41.9706932,980,C+,64
15828002,HARMONY SCHOOL OF INNOVATION - SAN ANTONIO,HARMONY SCIENCE ACAD (SAN ANTONIO),BEXAR COUNTY,8125 GLEN MONT DR,SAN ANTONIO,78239,EE,8,20,N,Y,NO,N,536,25.37313433,0,1.305970149,56.52985075,0,3.171641791,13.61940299,75.37313433,21.1,356,330,35.95505618,64.04494382,31.46067416,16.29213483,33.33333333,66.66666667,34.54545455,13.63636364,NA,NA,NA,NA,NA,51.34457779,60.77065277,56.05761528,NA,NA,NA,NA,26,24,33.00306435,D,1.396639794,34.39970415,D,A,41.1123078,1028,C,65
15915056,VALE MIDDLE,NORTHSIDE ISD,BEXAR COUNTY,2120 N ELLISON DR,SAN ANTONIO,78251,6,8,20,N,N,NO,N,1321,7.948523846,0.151400454,1.514004542,74.56472369,0.454201363,3.557910674,11.80923543,48.5995458,15,1294,1232,24.26584235,75.73415765,42.42658423,18.31530139,26.2987013,73.7012987,36.36363636,10.06493506,NA,NA,NA,NA,NA,48.03707886,46.94311905,47.49009896,NA,NA,NA,NA,65,63,39.3951103,C,-3.135153943,36.25995636,C,F,41.00734015,1036,C,66
15915047,STEVENSON MIDDLE,NORTHSIDE ISD,BEXAR COUNTY,8403 TEZEL RD,SAN ANTONIO,78254-2295,6,8,20,N,N,NO,N,1323,4.232804233,0.15117158,1.738473167,66.96900983,0.15117158,3.401360544,23.35600907,38.62433862,9.4,1314,1210,21.15677321,78.84322679,45.66210046,23.05936073,24.79338843,75.20661157,36.52892562,9.256198347,NA,NA,NA,NA,NA,47.64608002,44.25899124,45.95253563,NA,NA,NA,NA,108,108,41.09551304,C,-6.400262428,34.69525061,D,F,40.54051866,1062,C,67
15916042,KITTY HAWK MIDDLE,JUDSON ISD,BEXAR COUNTY,840 OLD CIMMARON TRL,UNIVERSAL CITY,78148-3699,6,8,20,N,N,NO,N,1324,14.50151057,0.151057402,1.963746224,55.58912387,0.302114804,3.851963746,23.64048338,49.01812689,17,1320,1215,25.07575758,74.92424242,40.75757576,18.18181818,26.91358025,73.08641975,35.14403292,8.065843621,NA,NA,NA,NA,NA,50.35299301,49.34677887,49.84988594,NA,NA,NA,NA,107,103,37.95080434,C,-4.401132077,33.54967226,D,D,40.40967073,1070,C,68
10902041,BANDERA MIDDLE,BANDERA ISD,BANDERA COUNTY,P O BOX 727,BANDERA,78003-0727,6,8,20,N,N,NO,N,512,0.5859375,0,0.390625,32.03125,0,1.7578125,65.234375,52.1484375,13.9,498,477,26.90763052,73.09236948,45.98393574,23.4939759,32.70440252,67.29559748,31.02725367,8.805031447,NA,NA,NA,NA,NA,49.74341965,42.37469864,46.05905915,NA,NA,NA,NA,23,22,38.50559471,C,-2.52134262,35.98425209,C,F,40.14278568,1085,C,69
15830101,BROOKS COLLEGIATE ACADEMY,BROOKS ACADEMY OF SCIENCE AND ENGINEERING,BEXAR COUNTY,4802 VANCE JACKSON,SAN ANTONIO,78230,PK,12,20,N,Y,NO,N,249,1.204819277,0,2.008032129,93.57429719,0,0,3.212851406,69.47791165,13,103,103,38.83495146,61.16504854,37.86407767,21.3592233,34.95145631,65.04854369,31.06796117,16.50485437,NA,NA,NA,NA,NA,47.14832687,51.84814453,49.4982357,NA,NA,NA,NA,NA,NA,34.46601942,D,1.067342124,35.53336154,C,D,39.79270635,1107,C,70
15910044,NIMITZ MIDDLE,NORTH EAST ISD,BEXAR COUNTY,5426 BLANCO RD,SAN ANTONIO,78216-7035,6,8,20,N,N,YES,N,1234,5.024311183,0.243111831,1.377633712,80.95623987,0,1.13452188,11.26418152,74.71636953,21.2,1203,1057,35.66084788,64.33915212,34.08146301,17.78886118,34.53169347,65.46830653,33.4910123,10.21759697,NA,NA,NA,NA,NA,49.55176163,49.69374847,49.62275505,NA,NA,NA,NA,147,110,33.78623765,D,2.015013239,35.80125089,C,D,39.69701112,1116,C,71
15904043,TERRELL WELLS MIDDLE,HARLANDALE ISD,BEXAR COUNTY,422 W HUTCHINS PL,SAN ANTONIO,78221-2798,6,8,20,N,N,NO,N,730,0,0,0,96.84931507,0,0.273972603,2.876712329,87.39726027,18.4,725,679,35.44827586,64.55172414,30.75862069,13.65517241,32.10603829,67.89396171,34.02061856,8.8365243,NA,NA,NA,NA,NA,49.29143524,52.67253494,50.98198509,NA,NA,NA,NA,46,46,32.38961962,D,3.410996489,35.80061611,C,C,39.68434953,1119,C,72
15912041,RONALD E MCNAIR MIDDLE,SOUTHWEST ISD,BEXAR COUNTY,11914 DRAGON LN,SAN ANTONIO,78252-2647,6,8,20,N,N,NO,Y,773,2.069857697,0.129366106,0,89.00388098,0,0.129366106,8.667529107,72.83311772,15.2,759,758,33.06982872,66.93017128,32.01581028,12.51646904,26.91292876,73.08707124,35.62005277,11.87335092,NA,NA,NA,NA,NA,49.02672195,49.89209747,49.45940971,NA,NA,NA,NA,135,72,33.81793152,D,1.538350665,35.35628219,C,D,39.5049966,1131,C,73
15907124,MURIEL FORBES ACADEMY,SAN ANTONIO ISD,BEXAR COUNTY,2630 SALLY GAY DR,SAN ANTONIO,78223-2239,EE,7,20,N,N,NO,N,333,3.003003003,0.3003003,0,93.99399399,0,0,2.702702703,96.3963964,27.8,144,144,36.11111111,63.88888889,30.55555556,15.97222222,29.16666667,70.83333333,36.11111111,12.5,NA,NA,NA,NA,NA,47.76752472,44.71154785,46.23953629,NA,NA,NA,NA,NA,NA,33.33333333,D,5.643358303,38.97669164,C,F,39.4770039,1135,C,74
15907026,ADVANCED LEARNING ACADEMY,SAN ANTONIO ISD,BEXAR COUNTY,621 W EUCLID,SAN ANTONIO,78212,PK,11,20,N,N,NO,N,546,4.578754579,0,0.549450549,84.24908425,0,1.282051282,9.340659341,56.77655678,0,346,330,21.38728324,77.4566474,50,26.30057803,32.72727273,66.36363636,32.12121212,11.21212121,NA,NA,NA,NA,NA,43.13742447,24.1896019,33.66351319,17,13,10,8,17,5,41.06060606,C,2.081521243,43.1421273,C,F,39.2494601,1151,C,75
15822005,JUBILEE HIGHLAND PARK,JUBILEE ACADEMIES,BEXAR COUNTY,4434 ROLAND,SAN ANTONIO,78222,PK,8,20,N,Y,NO,N,309,6.796116505,0,0,86.40776699,0,2.588996764,4.207119741,73.46278317,17.1,173,157,32.3699422,67.6300578,30.63583815,16.76300578,28.02547771,71.97452229,32.48407643,12.10191083,NA,NA,NA,NA,NA,46.99341965,55.73262024,51.36301995,NA,NA,NA,NA,32,20,31.55995729,D,-0.542774851,31.01718244,D,C,37.94207317,1240,C-,76
15915052,CONNALLY MIDDLE,NORTHSIDE ISD,BEXAR COUNTY,8661 SILENT SUNRISE,SAN ANTONIO,78250-3584,6,8,20,N,N,NO,N,980,4.489795918,0,1.93877551,72.95918367,0.204081633,2.346938776,18.06122449,45.20408163,11.9,955,871,22.61780105,77.38219895,46.38743455,21.57068063,34.78760046,65.21239954,26.75086108,7.233065442,NA,NA,NA,NA,NA,50.90913773,44.63599777,47.77256775,NA,NA,NA,NA,90,85,36.56914782,C,-7.478984264,29.09016355,D,F,37.77281575,1251,C-,77
15915048,RUDDER MIDDLE,NORTHSIDE ISD,BEXAR COUNTY,6558 HORN BLVD,SAN ANTONIO,78240-2587,6,8,20,N,N,NO,N,1050,8.095238095,0.095238095,8.380952381,66.47619048,0.285714286,2.19047619,14.47619048,65.80952381,17.8,1011,942,31.15727003,68.84272997,38.37784372,16.71612265,39.27813163,60.72186837,27.60084926,7.749469214,NA,NA,NA,NA,NA,49.55317307,46.60200119,48.07758713,NA,NA,NA,NA,69,69,32.98934649,D,-1.99691872,30.99242777,D,D,37.31576734,1282,C-,78
15915043,ROSS MIDDLE,NORTHSIDE ISD,BEXAR COUNTY,3630 CALLAGHAN RD,SAN ANTONIO,78228-4395,6,8,20,N,N,NO,Y,1122,4.099821747,0,1.604278075,89.57219251,0.267379679,0.534759358,3.921568627,83.86809269,16.8,1103,1028,32.45693563,67.54306437,32.81958296,14.14324569,34.14396887,65.85603113,27.91828794,7.782101167,NA,NA,NA,NA,NA,50.64195251,49.64084625,50.14139938,NA,NA,NA,NA,73,64,30.36893545,D,0.717131298,31.08606674,D,C,37.16160172,1293,C-,79
15907117,AGNES COTTON ACADEMY,SAN ANTONIO ISD,BEXAR COUNTY,1616 BLANCO RD,SAN ANTONIO,78212-2796,EE,7,20,N,N,NO,Y,499,1.20240481,0,0.601202405,93.98797595,0,0.400801603,3.80761523,93.78757515,21.8,211,212,39.33649289,57.81990521,31.7535545,16.11374408,34.43396226,62.73584906,29.71698113,15.56603774,NA,NA,NA,NA,NA,50.68370438,43.23200607,46.95785523,NA,NA,NA,NA,NA,NA,30.73526782,D,2.732288464,33.46755628,D,F,37.01650621,1297,C-,80
15826042,KIPP CAMINO ACADEMY,KIPP SAN ANTONIO,BEXAR COUNTY,4343 W COMMERCE ST,SAN ANTONIO,78237,5,8,20,N,Y,NO,N,469,1.066098081,0,0,95.52238806,0,0.639658849,2.771855011,88.91257996,13.4,458,348,34.93449782,64.84716157,31.87772926,11.79039301,36.49425287,62.35632184,26.72413793,6.896551724,NA,NA,NA,NA,NA,50.88794708,51.78600693,51.33697701,NA,NA,NA,NA,112,33,29.30093359,D,0.580040863,29.88097446,D,C,36.80278872,1312,C-,81
15916045,JUDSON MIDDLE,JUDSON ISD,BEXAR COUNTY,9695 SCHAEFER RD,CONVERSE,78109,6,8,20,N,N,NO,N,1207,21.78956089,0.414250207,2.31980116,54.68102734,0.662800331,3.065451533,17.06710853,60.64623032,20.1,1205,1038,32.44813278,67.55186722,39.25311203,19.41908714,37.57225434,62.42774566,28.51637765,9.1522158,NA,NA,NA,NA,NA,47.14202118,44.47939682,45.810709,NA,NA,NA,NA,165,118,33.88474484,D,-3.387676107,30.49706873,D,F,36.69411002,1315,C-,82
15910047,WOOD MIDDLE,NORTH EAST ISD,BEXAR COUNTY,14800 JUDSON RD,SAN ANTONIO,78233-4498,6,8,20,N,N,NO,N,972,8.641975309,0.102880658,2.160493827,66.04938272,0.205761317,2.880658436,19.95884774,64.6090535,16.2,985,886,30.05076142,69.94923858,34.21319797,14.01015228,30.81264108,69.18735892,29.34537246,8.35214447,NA,NA,NA,NA,NA,49.61808777,50.96652603,50.2923069,NA,NA,NA,NA,99,57,31.77928522,D,-3.758193671,28.02109154,D,C,36.66086366,1317,C-,83
15915045,HOBBY MIDDLE,NORTHSIDE ISD,BEXAR COUNTY,11843 VANCE JACKSON RD,SAN ANTONIO,78230-1499,6,8,20,N,N,NO,N,1034,9.381044487,0.096711799,4.352030948,63.44294004,0.386847195,2.224371373,20.11605416,51.35396518,20.9,1015,941,29.45812808,70.54187192,36.74876847,17.24137931,33.47502657,66.52497343,31.56216791,9.564293305,NA,NA,NA,NA,NA,49.42153931,47.3862114,48.40387536,NA,NA,NA,NA,73,63,34.15546819,D,-7.209798609,26.94566958,D,D,36.46516937,1329,C-,84
15912045,JUDITH A RESNIK MIDDLE,SOUTHWEST ISD,BEXAR COUNTY,11914 DRAGON LN,SAN ANTONIO,78252-2647,6,8,20,N,N,NO,N,752,2.393617021,0,0.664893617,92.55319149,0,0.79787234,3.590425532,82.84574468,0,765,766,39.34640523,60.65359477,27.05882353,9.411764706,32.50652742,67.49347258,30.80939948,9.007832898,NA,NA,NA,NA,NA,48.39375687,54.31915665,51.35645676,NA,NA,NA,NA,120,72,28.9341115,D,-0.932738918,28.00137259,D,C,36.0612163,1360,C-,85
15910046,WHITE MIDDLE,NORTH EAST ISD,BEXAR COUNTY,7800 MIDCROWN DR,SAN ANTONIO,78218-2322,6,8,20,N,N,NO,Y,1025,22.43902439,0.195121951,2.048780488,57.75609756,0.780487805,3.219512195,13.56097561,73.07317073,26.7,986,927,39.45233266,60.54766734,30.831643,16.53144016,39.26645092,60.73354908,30.52858684,10.35598706,NA,NA,NA,NA,NA,48.75737762,47.82885742,48.29311752,NA,NA,NA,NA,61,51,30.68011492,D,-1.531130037,29.14898488,D,D,36.00469837,1366,C-,86
15912044,FRANCIS R SCOBEE MIDDLE,SOUTHWEST ISD,BEXAR COUNTY,11914 DRAGON LN,SAN ANTONIO,78252-2647,6,8,20,N,N,NO,N,867,4.728950404,0.230680507,0.692041522,85.46712803,0,1.84544406,7.035755479,71.16493656,22.4,858,859,34.73193473,65.26806527,30.53613054,14.91841492,33.29452852,66.70547148,30.03492433,9.662398137,NA,NA,NA,NA,NA,47.37442017,52.11077881,49.74259949,NA,NA,NA,NA,268,115,30.28552743,D,-2.504770238,27.7807572,D,D,35.90035841,1371,C-,87
15830102,BROOKS ACADEMY LONESTAR,BROOKS ACADEMY OF SCIENCE AND ENGINEERING,BEXAR COUNTY,134 E LAMBERT ST,SAN ANTONIO,78204,KG,7,20,N,Y,NO,N,122,9.016393443,0,0.819672131,86.8852459,0,0.819672131,2.459016393,82.78688525,20,72,72,37.5,56.94444444,33.33333333,12.5,37.5,56.94444444,25,9.722222222,NA,NA,NA,NA,NA,52.587883,46.00359344,49.29573822,NA,NA,NA,NA,NA,NA,29.16666667,D,-0.712848705,28.45381796,D,D,35.60310221,1388,C-,88
15904041,HARLANDALE MIDDLE,HARLANDALE ISD,BEXAR COUNTY,300 W HUFF AVE,SAN ANTONIO,78214-2194,6,8,20,N,N,NO,N,865,0.462427746,0,0.231213873,97.80346821,0,0.231213873,1.271676301,90.52023121,22.6,841,792,40.78478002,59.21521998,25.44589774,8.917954816,32.44949495,67.55050505,31.56565657,7.702020202,NA,NA,NA,NA,NA,48.12117767,51.50082397,49.81100082,NA,NA,NA,NA,51,47,28.50577715,D,0.03978164,28.54555879,D,D,35.58515814,1390,C-,89
94901041,JIM BARNES MIDDLE,SEGUIN ISD,GUADALUPE COUNTY,1539 JOE CARRILLO BLVD,SEGUIN,78155,6,8,13,N,N,NO,N,812,3.571428571,0.123152709,0.738916256,69.21182266,0.246305419,0.615763547,25.49261084,65.51724138,14.2,797,746,36.01003764,63.98996236,32.37139272,14.93099122,37.39946381,62.60053619,29.62466488,8.042895442,NA,NA,NA,NA,NA,46.13154221,48.92865372,47.53009797,NA,NA,NA,NA,47,47,30.9980288,D,-4.122294892,26.87573391,D,F,35.0994856,1415,C-,90
7905041,PLEASANTON J H,PLEASANTON ISD,ATASCOSA COUNTY,831 STADIUM DR,PLEASANTON,78064-2499,6,8,20,N,N,NO,N,518,0.193050193,0,0.193050193,67.37451737,0.193050193,1.351351351,30.69498069,55.79150579,15.2,506,461,34.7826087,65.2173913,34.38735178,16.99604743,32.10412148,67.89587852,31.23644252,7.37527115,NA,NA,NA,NA,NA,46.3726387,46.03259659,46.20261765,NA,NA,NA,NA,86,84,32.81189715,D,-6.608132083,26.20376506,D,F,35.03768719,1422,C-,91
7906041,POTEET J H,POTEET ISD,ATASCOSA COUNTY,P O BOX 138,POTEET,78065-0138,6,8,20,N,N,NO,Y,386,0.259067358,0.518134715,0.259067358,86.01036269,0,0.259067358,12.69430052,72.5388601,14.8,382,337,34.55497382,65.44502618,34.03141361,15.18324607,36.20178042,63.79821958,24.33234421,5.934718101,NA,NA,NA,NA,NA,50.89505386,48.40406418,49.64955902,NA,NA,NA,NA,47,26,29.18187891,D,-3.183098913,25.99878,D,D,34.90846257,1432,D+,92
15907179,HAWTHORNE PK-8 ACADEMY,SAN ANTONIO ISD,BEXAR COUNTY,115 W JOSEPHINE ST,SAN ANTONIO,78212-4186,EE,8,20,N,N,NO,Y,791,2.275600506,0,0.12642225,92.28824273,0,0.252844501,5.056890013,76.86472819,11.7,559,541,36.85152057,62.96958855,31.66368515,15.92128801,36.59889094,63.21626617,26.61737523,7.763401109,NA,NA,NA,NA,NA,49.45479202,45.73697662,47.59588432,NA,NA,NA,NA,15,15,29.14053019,D,-2.107262896,27.0332673,D,F,34.55530404,1452,D+,93
15907107,BONHAM ACADEMY,SAN ANTONIO ISD,BEXAR COUNTY,925 S ST MARY'S ST,SAN ANTONIO,78205-3410,EE,8,20,N,N,NO,N,546,1.831501832,0.183150183,0.366300366,91.39194139,0.183150183,0.549450549,5.494505495,59.89010989,8.8,298,302,36.91275168,62.08053691,33.89261745,16.77852349,38.0794702,61.58940397,26.1589404,8.609271523,NA,NA,NA,NA,NA,57.60113144,44.11813736,50.8596344,16,15,NA,NA,10,9,30.02577892,D,-7.573951573,22.45182735,F,C,34.41130114,1458,D+,94
15808009,ANNE FRANK INSPIRE ACADEMY,INSPIRE ACADEMIES,BEXAR COUNTY,10325 BANDERA RD,SAN ANTONIO,78250,KG,12,20,N,Y,NO,N,349,2.865329513,0.286532951,2.005730659,60.45845272,0,4.297994269,30.08595989,20.05730659,22.9,203,190,20.68965517,79.31034483,51.72413793,28.57142857,42.63157895,57.36842105,26.84210526,11.05263158,NA,NA,NA,NA,NA,49.51190948,39.209095,44.36050224,44,28,40,28,36,10,39.2831216,C,-20.76896001,18.51416159,F,F,34.01854255,1483,D+,95
15915046,PEASE MIDDLE,NORTHSIDE ISD,BEXAR COUNTY,201 HUNT LN,SAN ANTONIO,78245-1198,6,8,20,N,N,NO,N,1165,8.068669528,0.08583691,0.686695279,82.14592275,0.25751073,1.716738197,7.038626609,71.75965665,17.9,1141,1063,30.76248904,69.23751096,33.74233129,14.19807187,36.68861712,63.31138288,24.83537159,5.268109125,NA,NA,NA,NA,NA,49.55787277,43.7706337,46.66425324,NA,NA,NA,NA,80,55,29.28885144,D,-3.311643888,25.97720755,D,F,33.94279397,1488,D+,96
15904042,A LEAL JR MIDDLE,HARLANDALE ISD,BEXAR COUNTY,743 W SOUTHCROSS BLVD,SAN ANTONIO,78211-2742,6,8,20,N,N,NO,N,810,0,0,0,99.13580247,0,0.24691358,0.617283951,94.32098765,17,792,722,36.99494949,63.00505051,27.02020202,10.73232323,35.59556787,64.40443213,25.76177285,4.709141274,NA,NA,NA,NA,NA,50.31581879,49.58816147,49.95199013,NA,NA,NA,NA,67,59,26.39098744,D,-1.543759488,24.84722795,F,D,33.69633844,1502,D+,97
15904044,KINGSBOROUGH MIDDLE,HARLANDALE ISD,BEXAR COUNTY,422 ASHLEY RD,SAN ANTONIO,78221-3599,6,8,20,N,N,NO,N,655,0.305343511,0.152671756,0,97.2519084,0,0,2.290076336,87.32824427,20.2,633,615,40.75829384,59.24170616,27.01421801,10.2685624,34.79674797,65.20325203,27.96747967,7.317073171,NA,NA,NA,NA,NA,48.12604904,46.49808502,47.31206703,NA,NA,NA,NA,18,18,27.49084884,D,-1.49994763,25.99090121,D,F,33.56434109,1510,D+,98
15822009,JUBILEE WELLS BRANCH,JUBILEE ACADEMIES,BEXAR COUNTY,4434 ROLAND,SAN ANTONIO,78222,PK,12,20,N,Y,NO,N,883,22.31030578,0.792751982,5.549263873,33.06908267,0.113250283,6.681766704,31.48357871,29.21857305,18,497,477,30.78470825,69.21529175,41.85110664,21.32796781,37.10691824,62.89308176,28.5115304,13.20754717,NA,NA,NA,NA,NA,48.55363464,45.79579926,47.17471695,NA,NA,NA,NA,42,38,35.18131852,C,-18.04113958,17.14017894,F,F,33.1322394,1532,D+,99
15908044,ROBERT C ZAMORA MIDDLE,SOUTH SAN ANTONIO ISD,BEXAR COUNTY,8638 LARKIA LN,SAN ANTONIO,78224,6,8,20,N,N,NO,N,555,0.36036036,0.18018018,0,98.01801802,0,0,1.441441441,76.57657658,15.4,540,498,32.40740741,67.59259259,31.85185185,15.37037037,38.95582329,61.04417671,22.69076305,6.626506024,NA,NA,NA,NA,NA,50.10474777,47.35600281,48.73037529,NA,NA,NA,NA,43,32,27.27130745,D,-4.044489917,23.22681754,F,D,33.04309059,1543,D+,100
15915042,RAYBURN MIDDLE,NORTHSIDE ISD,BEXAR COUNTY,1400 CEDARHURST,SAN ANTONIO,78227-4700,6,8,20,N,N,NO,Y,927,3.667745415,0,0.323624595,89.96763754,0.107874865,1.078748652,4.854368932,80.47464941,19.3,923,879,37.26977248,62.73022752,30.1191766,10.83423619,39.59044369,60.40955631,25.48350398,8.646188851,NA,NA,NA,NA,NA,45.9288826,42.7387619,44.33382225,NA,NA,NA,NA,44,41,27.80134029,D,-2.600825335,25.20051495,D,F,32.41278061,1577,D,101
15907175,WOODLAWN ACADEMY,SAN ANTONIO ISD,BEXAR COUNTY,1717 W MAGNOLIA AVE,SAN ANTONIO,78201-5498,EE,8,20,N,N,NO,Y,691,0.434153401,0.1447178,0.1447178,98.2633864,0,0.1447178,0.868306802,86.68596237,14.6,415,413,43.85542169,55.6626506,28.6746988,14.69879518,48.18401937,51.33171913,23.48668281,7.506053269,NA,NA,NA,NA,NA,50.15574265,46.12792969,48.14183617,12,11,NA,NA,14,4,26.0806908,D,-3.025246161,23.05544464,F,D,32.39356455,1582,D,102
15822006,JUBILEE KINGSVILLE,JUBILEE ACADEMIES,BEXAR COUNTY,4434 ROLAND RD,SAN ANTONIO,78222,PK,12,20,N,Y,NO,N,230,1.739130435,0,0.869565217,85.2173913,0,3.043478261,9.130434783,68.26086957,18.1,157,144,33.75796178,66.24203822,29.29936306,10.82802548,39.58333333,60.41666667,26.38888889,6.944444444,NA,NA,NA,NA,NA,47.06274796,47.49968338,47.28121567,NA,NA,NA,NA,26,14,27.84412597,D,-6.051704458,21.79242152,F,F,32.27361513,1588,D,103
15916043,WOODLAKE HILLS MIDDLE,JUDSON ISD,BEXAR COUNTY,6625 WOODLAKE PKWY,SAN ANTONIO,78244-1465,6,8,20,N,N,NO,Y,857,23.80396733,0.233372229,2.217036173,61.02683781,0.116686114,2.217036173,10.38506418,75.72928821,18.9,852,761,37.55868545,62.44131455,29.92957746,13.14553991,40.21024967,59.78975033,21.68199737,4.862023653,NA,NA,NA,NA,NA,50.57551575,48.36901093,49.47226334,NA,NA,NA,NA,90,49,25.80578742,D,-5.713294551,20.09249287,F,D,31.75839103,1611,D,104
15907210,MISSION ACADEMY,SAN ANTONIO ISD,BEXAR COUNTY,9210 S PRESA,SAN ANTONIO,78223,EE,8,20,N,N,NO,N,607,3.459637562,0.164744646,0.988467875,92.42174629,0.164744646,0,2.800658979,88.63261944,21.1,391,380,43.22250639,56.77749361,27.87723785,14.06649616,38.68421053,61.31578947,25.52631579,8.157894737,NA,NA,NA,NA,NA,48.97257996,38.89518738,43.93388367,NA,NA,NA,NA,12,9,26.70177682,D,-2.065372552,24.63640427,F,F,31.72559756,1613,D,105
15907141,ELOISE JAPHET ACADEMY,SAN ANTONIO ISD,BEXAR COUNTY,314 ASTOR ST,SAN ANTONIO,78210-5198,EE,7,20,N,N,NO,N,909,1.100110011,0,0,96.91969197,0,0.330033003,1.650165017,92.62926293,16.8,446,441,47.53363229,52.24215247,23.99103139,10.76233184,38.32199546,61.45124717,28.57142857,10.20408163,NA,NA,NA,NA,NA,44.42124176,42.18479919,43.30302048,NA,NA,NA,NA,NA,NA,26.28122998,D,-1.877165902,24.40406408,F,F,31.29810874,1634,D,106
15907058,TWAIN MIDDLE,SAN ANTONIO ISD,BEXAR COUNTY,2411 SAN PEDRO AVE,SAN ANTONIO,78212-2898,8,8,20,N,N,NO,Y,314,2.229299363,0,0.636942675,93.94904459,0.318471338,0.636942675,2.229299363,93.63057325,24.1,296,254,41.55405405,58.44594595,25.67567568,8.783783784,43.30708661,56.69291339,19.68503937,5.511811024,NA,NA,NA,NA,NA,50.25629044,56.87623215,53.5662613,NA,NA,NA,NA,43,36,22.68035752,F,-5.343109613,17.33724791,F,B,31.16342762,1640,D,107
15826041,KIPP ASPIRE ACADEMY,KIPP SAN ANTONIO,BEXAR COUNTY,239 STARK ST,SAN ANTONIO,78204,5,8,20,N,Y,NO,N,477,3.773584906,0.209643606,0.209643606,95.17819706,0,0,0.628930818,88.46960168,15,471,350,38.42887473,61.57112527,27.38853503,12.95116773,45.42857143,54.57142857,19.71428571,6,NA,NA,NA,NA,NA,51.23445511,50.86093521,51.04769516,NA,NA,NA,NA,120,37,23.55141037,F,-5.242954987,18.30845539,F,C,30.93821779,1658,D,108
10901001,MEDINA SCHOOL,MEDINA ISD,BANDERA COUNTY,P O BOX 1470,MEDINA,78055-1470,EE,12,20,N,N,NO,N,298,3.691275168,0,0,23.15436242,0,2.348993289,70.80536913,61.74496644,24,124,122,30.64516129,69.35483871,37.09677419,15.32258065,37.70491803,62.29508197,21.31147541,9.016393443,65.5,1374,21.2,NA,NA,46.18468094,37.63654327,41.91061211,23,10,33,15,23,7,29.2041248,D,-7.601125424,21.60299938,F,F,30.87500618,1662,D,109
15806041,DR PAUL S SAENZ J H,SCHOOL OF EXCELLENCE IN EDUCATION,BEXAR COUNTY,1830 BASSE RD,SAN ANTONIO,78213,7,8,20,N,Y,NO,N,101,28.71287129,0,0,68.31683168,0.99009901,0,1.98019802,86.13861386,21.1,95,95,36.84210526,63.15789474,33.68421053,12.63157895,54.73684211,45.26315789,16.84210526,2.105263158,NA,NA,NA,NA,NA,48.2748909,42.59926605,45.43707848,NA,NA,NA,NA,NA,NA,25.26315789,D,-3.943569009,21.31958889,F,F,30.64260181,1670,D,110
15907161,ROGERS ACADEMY,SAN ANTONIO ISD,BEXAR COUNTY,620 MCILVAINE,SAN ANTONIO,78212-1898,EE,7,20,N,N,NO,Y,693,1.731601732,0,0.288600289,96.53679654,0,0,1.443001443,92.06349206,14.9,347,347,42.36311239,57.06051873,24.78386167,8.933717579,41.78674352,57.63688761,24.78386167,13.25648415,NA,NA,NA,NA,NA,48.77103043,41.07035065,44.92069054,NA,NA,NA,NA,NA,NA,24.78386167,F,-3.45398168,21.32987999,F,F,30.31446592,1684,D,111
163903041,NATALIA J H,NATALIA ISD,MEDINA COUNTY,P O BOX 548,NATALIA,78059-0548,6,8,20,N,N,NO,Y,250,0,0,0,80,0,0.4,19.6,79.2,16,239,220,38.91213389,61.08786611,26.77824268,12.55230126,44.54545455,55.45454545,23.63636364,7.727272727,NA,NA,NA,NA,NA,45.00333405,46.40060425,45.70196915,NA,NA,NA,NA,19,18,25.20730316,D,-5.496810271,19.71049289,F,F,30.17638181,1693,D,112
15916041,KIRBY MIDDLE,JUDSON ISD,BEXAR COUNTY,5441 SEGUIN RD,SAN ANTONIO,78219-1097,6,8,20,N,N,NO,Y,773,20.43984476,0.517464424,0.905562743,67.14100906,0.388098318,1.940491591,8.667529107,83.95860285,25.1,752,713,47.07446809,52.92553191,23.53723404,7.180851064,40.25245442,59.74754558,24.40392707,4.908835905,NA,NA,NA,NA,NA,46.89648056,48.08552933,47.49100495,NA,NA,NA,NA,41,35,23.97058056,F,-5.662630835,18.30794972,F,F,29.89325523,1711,D,113
15907106,BEACON HILL ACADEMY,SAN ANTONIO ISD,BEXAR COUNTY,1411 W ASHBY PL,SAN ANTONIO,78201-6337,EE,7,20,N,N,NO,Y,430,3.023255814,0.23255814,0,94.18604651,0,0.697674419,1.860465116,93.48837209,23.8,227,227,48.89867841,50.22026432,21.14537445,9.251101322,37.44493392,61.67400881,27.31277533,13.21585903,NA,NA,NA,NA,NA,47.50919342,42.27310181,44.89114762,NA,NA,NA,NA,NA,NA,24.22907489,F,-3.813106255,20.41596864,F,F,29.81555165,1716,D,114
15915041,NEFF MIDDLE,NORTHSIDE ISD,BEXAR COUNTY,5227 EVERS RD,SAN ANTONIO,78238-1998,6,8,20,N,N,NO,Y,1223,8.25838103,0.163532298,1.471790679,80.86672118,0.245298446,1.062959935,7.931316435,78.08667212,25.5,1171,1120,39.79504697,60.20495303,25.70452605,9.308283518,38.57142857,61.42857143,24.10714286,5.982142857,NA,NA,NA,NA,NA,45.89850998,44.65507889,45.27679444,NA,NA,NA,NA,53,43,24.90583445,F,-6.057146151,18.8486883,F,F,29.64742862,1722,D,115
15809101,BEXAR COUNTY ACADEMY,BEXAR COUNTY ACADEMY,BEXAR COUNTY,1485 HILLCREST DR UNIT AO1,SAN ANTONIO,78228,PK,8,20,N,Y,NO,N,368,4.891304348,0,0.27173913,92.93478261,0,0.27173913,1.630434783,98.64130435,16.2,179,179,42.45810056,57.54189944,26.25698324,7.262569832,37.98882682,62.01117318,22.90502793,7.262569832,NA,NA,NA,NA,NA,46.08852005,35.42582321,40.75717163,NA,NA,NA,NA,NA,NA,24.58100559,F,-2.882866527,21.69813906,F,F,28.98309332,1748,D-,116
15805041,FRANK L MADLA ACCELERATED COLLEGIATE ACADEMY,NEW FRONTIERS PUBLIC SCHOOLS INC,BEXAR COUNTY,138 FAIR AVE,SAN ANTONIO,78223,KG,8,20,N,Y,NO,N,212,1.886792453,0,0,93.39622642,0,0.471698113,4.245283019,89.62264151,14.8,202,202,47.02970297,52.97029703,25.74257426,10.89108911,50,50,21.28712871,4.95049505,NA,NA,NA,NA,NA,45.80612946,44.08670044,44.94641495,NA,NA,NA,NA,NA,NA,23.51485149,F,-5.091324592,18.42352689,F,F,28.93263618,1753,D-,117
15915044,JONES MIDDLE,NORTHSIDE ISD,BEXAR COUNTY,1256 PINN RD,SAN ANTONIO,78227-1899,6,8,20,N,N,NO,Y,1116,3.494623656,0,0.089605735,93.01075269,0.268817204,0.448028674,2.688172043,89.06810036,24.5,1074,999,42.6443203,57.3556797,25.60521415,10.98696462,44.54454454,55.45545546,19.81981982,4.704704705,NA,NA,NA,NA,NA,48.23373795,45.37771988,46.80572892,NA,NA,NA,NA,75,46,22.71251699,F,-5.9829422,16.72957479,F,F,28.72052429,1764,D-,118
15907103,CHARLES C BALL ACADEMY,SAN ANTONIO ISD,BEXAR COUNTY,343 KOEHLER CT,SAN ANTONIO,78223-2999,EE,7,20,N,N,NO,Y,553,4.701627486,0.180831826,0.542495479,92.94755877,0,0,1.627486438,100,28.8,252,252,51.58730159,47.22222222,21.82539683,8.333333333,44.44444444,54.36507937,20.23809524,6.349206349,NA,NA,NA,NA,NA,48.52323532,47.34796524,47.93560028,NA,NA,NA,NA,NA,NA,21.03174603,F,-6.315722235,14.7160238,F,F,27.86656225,1793,D-,119
15907047,HARRIS MIDDLE,SAN ANTONIO ISD,BEXAR COUNTY,325 PRUITT AVE,SAN ANTONIO,78204-2598,6,8,20,N,N,NO,Y,771,0.259403372,0,0,98.96238651,0,0.648508431,0.129701686,91.30998703,10.2,744,625,44.08602151,55.91397849,21.50537634,7.123655914,40.32,59.68,21.12,3.68,NA,NA,NA,NA,NA,46.76236343,48.03630066,47.39933205,NA,NA,NA,NA,122,55,21.31268817,F,-7.034485733,14.27820244,F,F,27.63574414,1798,D-,120
15907059,WHITTIER MIDDLE,SAN ANTONIO ISD,BEXAR COUNTY,2101 EDISON DR,SAN ANTONIO,78201-3499,6,8,20,N,N,NO,N,876,0.456621005,0,0,97.03196347,0,0.228310502,2.283105023,91.78082192,15.1,824,774,41.50485437,58.49514563,22.20873786,7.281553398,41.34366925,58.65633075,18.73385013,3.488372093,NA,NA,NA,NA,NA,51.64928436,47.66801834,49.65865135,32,30,NA,NA,83,58,20.471294,F,-7.807096034,12.66419796,F,D,27.57044972,1800,D-,121
94901042,BRIESEMEISTER MIDDLE,SEGUIN ISD,GUADALUPE COUNTY,1616 W COURT ST,SEGUIN,78155,6,8,13,N,N,NO,Y,787,5.336721728,0,0,71.79161372,0,1.143583227,21.72808132,68.86912325,16.9,759,718,44.40052701,55.59947299,26.21870883,11.5942029,43.31476323,56.68523677,22.84122563,6.963788301,NA,NA,NA,NA,NA,43.34173584,41.92033386,42.63103485,NA,NA,NA,NA,42,38,24.52996723,F,-9.112336099,15.41763113,F,F,27.49868486,1802,D-,122
15905044,E T WRENN MIDDLE,EDGEWOOD ISD,BEXAR COUNTY,627 S ACME RD,SAN ANTONIO,78237-2499,6,8,20,N,N,NO,Y,653,2.756508423,0.153139357,0,96.47779479,0,0.153139357,0.45941807,94.48698315,22,633,593,41.07424961,58.92575039,21.16903633,7.424960506,38.44856661,61.55143339,21.07925801,3.70994941,NA,NA,NA,NA,NA,45.82722473,48.08718872,46.95720673,NA,NA,NA,NA,40,36,21.12414717,F,-6.789802792,14.33434438,F,F,27.44442753,1803,D-,123
15916044,HENRY METZGER MIDDLE,JUDSON ISD,BEXAR COUNTY,7475 BINZ ENGLEMAN RD,SAN ANTONIO,78244,6,8,20,N,N,NO,Y,941,32.30605739,0.106269926,1.168969182,53.56004251,0.637619554,2.763018066,9.458023379,70.56323061,23.5,920,829,39.34782609,60.65217391,28.47826087,10.43478261,46.07961399,53.92038601,17.24969843,3.136308806,NA,NA,NA,NA,NA,46.82022476,44.0056076,45.41291618,NA,NA,NA,NA,89,47,22.86397965,F,-10.1306959,12.73328375,F,F,26.9763898,1822,D-,124
15908041,DWIGHT MIDDLE,SOUTH SAN ANTONIO ISD,BEXAR COUNTY,2454 W SOUTHCROSS BLVD,SAN ANTONIO,78211-1899,6,8,20,N,N,NO,N,461,0.433839479,0,0,98.69848156,0,0,0.867678959,96.96312364,24,461,433,43.81778742,56.18221258,21.25813449,7.809110629,39.72286374,60.27713626,21.93995381,3.233256351,NA,NA,NA,NA,NA,43.74310303,43.09944534,43.42127419,NA,NA,NA,NA,26,21,21.59904415,F,-6.029976571,15.56906758,F,F,26.83626551,1829,D-,125
7904041,LYTLE J H,LYTLE ISD,ATASCOSA COUNTY,P O BOX 825,LYTLE,78052-0825,6,8,20,N,N,NO,Y,376,0.79787234,0.531914894,0,80.58510638,0,0.265957447,17.81914894,71.80851064,15.6,387,371,47.80361757,52.19638243,23.25581395,9.043927649,44.20485175,55.79514825,21.02425876,4.851752022,NA,NA,NA,NA,NA,46.80800247,46.06209564,46.43504906,NA,NA,NA,NA,18,16,22.14003636,F,-10.44526879,11.69476757,F,F,26.72986104,1831,D-,126
15907055,RHODES MIDDLE,SAN ANTONIO ISD,BEXAR COUNTY,3000 TAMPICO ST,SAN ANTONIO,78207-6498,6,8,20,N,N,YES,Y,756,2.777777778,0.264550265,0,96.2962963,0,0,0.661375661,94.84126984,16.9,725,645,44.55172414,55.44827586,20.96551724,7.586206897,47.75193798,52.24806202,18.4496124,4.186046512,NA,NA,NA,NA,NA,48.081604,49.19506454,48.63833427,NA,NA,NA,NA,78,53,19.70756482,F,-8.162697617,11.5448672,F,D,26.60362518,1840,D-,127
15909041,SOMERSET J H,SOMERSET ISD,BEXAR COUNTY,P O BOX 279,SOMERSET,78069-0279,7,8,20,N,N,NO,Y,607,0.823723229,0,0.329489292,88.1383855,0.164744646,0.494233937,10.04942339,75.45304778,15.4,592,307,43.58108108,56.41891892,24.32432432,9.966216216,54.07166124,45.92833876,18.56677524,3.908794788,NA,NA,NA,NA,NA,44.83813477,42.40778351,43.62295914,NA,NA,NA,NA,284,113,21.44554978,F,-10.14116345,11.30438634,F,F,25.43217412,1873,D-,128
15912042,SHARON CHRISTA MCAULIFFE MIDDLE,SOUTHWEST ISD,BEXAR COUNTY,11914 DRAGON LN,SAN ANTONIO,78252-2647,6,8,20,N,N,NO,Y,877,1.710376283,0,0.114025086,96.92132269,0,0.114025086,1.140250855,92.47434436,17.8,844,845,47.27488152,52.72511848,21.91943128,7.464454976,42.84023669,57.15976331,17.75147929,4.852071006,NA,NA,NA,NA,NA,43.94102859,45.97260284,44.95681572,NA,NA,NA,NA,110,60,19.83545528,F,-8.344466896,11.49098839,F,F,25.40232538,1874,D-,129
15917041,JULIUS L MATTHEY MIDDLE,SOUTHSIDE ISD,BEXAR COUNTY,1460 MARTINEZ LOSOYA RD,SAN ANTONIO,78221-9648,7,8,20,N,N,NO,Y,845,1.420118343,0,0.591715976,89.34911243,0,0.710059172,7.928994083,80.82840237,21.3,826,715,48.30508475,51.69491525,22.63922518,9.443099274,53.28671329,46.71328671,14.82517483,2.657342657,NA,NA,NA,NA,NA,46.47374344,51.9068222,49.19028282,NA,NA,NA,NA,110,95,18.7322,F,-11.58678187,7.145418129,F,D,24.99761102,1882,F,130
15907142,M L KING ACADEMY,SAN ANTONIO ISD,BEXAR COUNTY,3501 MARTIN LUTHER KING DR,SAN ANTONIO,78220-2399,EE,8,20,N,N,NO,Y,429,45.45454545,0,0.233100233,52.68065268,0,0.699300699,0.932400932,93.24009324,35.9,266,251,54.13533835,45.86466165,14.28571429,3.759398496,39.0438247,60.9561753,21.11553785,5.179282869,NA,NA,NA,NA,NA,44.85163879,54.56962585,49.71063232,NA,NA,NA,NA,15,14,17.70062607,F,-10.37458658,7.326039488,F,D,24.88752019,1886,F,131
15822002,JUBILEE HIGHLAND HILLS,JUBILEE ACADEMIES,BEXAR COUNTY,4434 ROLAND,SAN ANTONIO,78222,PK,12,20,N,Y,NO,N,485,5.154639175,0,0.412371134,83.50515464,0,0.824742268,10.10309278,78.55670103,26.1,318,278,46.22641509,53.77358491,23.58490566,8.490566038,49.28057554,50.71942446,17.98561151,7.553956835,NA,NA,NA,NA,NA,45.25165558,40.82366943,43.03766251,NA,NA,NA,NA,80,14,20.78525859,F,-10.06868931,10.71656927,F,F,24.82165029,1888,F,132
15907125,FOSTER ACADEMY,SAN ANTONIO ISD,BEXAR COUNTY,6718 PECAN VLY DR,SAN ANTONIO,78223-3120,EE,7,20,N,N,NO,Y,651,11.52073733,0,0.307219662,84.79262673,0,0.614439324,2.764976959,95.23809524,25.7,293,293,53.58361775,46.41638225,17.40614334,8.873720137,48.80546075,51.19453925,21.50170648,5.460750853,NA,NA,NA,NA,NA,42.45659637,42.78843307,42.62251472,NA,NA,NA,NA,NA,NA,19.45392491,F,-8.368545069,11.08537985,F,F,24.36288589,1906,F,133
15905041,BRENTWOOD MIDDLE,EDGEWOOD ISD,BEXAR COUNTY,1626 THOMPSON PL,SAN ANTONIO,78226-1294,6,8,20,N,N,NO,Y,689,0.580551524,0,0.145137881,98.11320755,0.290275762,0,0.870827286,87.37300435,26.3,682,662,46.62756598,53.37243402,19.64809384,5.425219941,48.79154079,51.20845921,18.58006042,2.719033233,NA,NA,NA,NA,NA,45.66856384,43.51205063,44.59030724,NA,NA,NA,NA,23,23,19.11407713,F,-9.868819989,9.245257143,F,F,24.29223062,1907,F,134
15907147,BOWDEN ACADEMY,SAN ANTONIO ISD,BEXAR COUNTY,515 WILLOW ST,SAN ANTONIO,78202-1297,EE,7,20,N,N,NO,Y,492,9.552845528,0,0.203252033,88.21138211,0,0.406504065,1.62601626,97.15447154,25.6,230,230,56.52173913,41.30434783,19.13043478,8.260869565,46.08695652,51.73913043,16.95652174,4.347826087,NA,NA,NA,NA,NA,46.80117798,45.69186783,46.24652291,NA,NA,NA,NA,NA,NA,18.04347826,F,-9.565545826,8.477932435,F,F,24.23172189,1909,F,135
15911043,EAST CENTRAL HERITAGE MIDDLE,EAST CENTRAL ISD,BEXAR COUNTY,8004 NEW SULPHUR SPRINGS RD,SAN ANTONIO,78263-9701,6,8,20,N,N,NO,N,1166,6.089193825,0.428816467,0.343053173,65.3516295,0.085763293,1.457975986,26.24356775,61.83533448,13.8,1148,1006,44.07665505,55.92334495,27.35191638,11.93379791,50.09940358,49.90059642,15.60636183,3.280318091,NA,NA,NA,NA,NA,46.4928093,40.40689087,43.44985009,NA,NA,NA,NA,139,104,21.4791391,F,-15.28819742,6.190941684,F,F,23.68293698,1925,F,136
15908043,ABRAHAM KAZEN MIDDLE,SOUTH SAN ANTONIO ISD,BEXAR COUNTY,1520 GILLETTE BLVD,SAN ANTONIO,78224-2198,6,8,20,N,N,NO,Y,480,1.25,0,0,97.70833333,0,0,1.041666667,84.375,23,498,474,43.97590361,56.02409639,23.29317269,8.835341365,52.10970464,47.89029536,14.1350211,2.742616034,NA,NA,NA,NA,NA,42.74008179,42.13344193,42.43676186,NA,NA,NA,NA,25,17,18.71409689,F,-10.83450018,7.879596712,F,F,22.98714167,1942,F,137
15905046,GUS GARCIA MIDDLE,EDGEWOOD ISD,BEXAR COUNTY,3306 RUIZ ST,SAN ANTONIO,78228-6295,6,8,20,N,N,NO,Y,711,0.281293952,0.140646976,0,98.31223629,0.281293952,0.140646976,0.843881857,84.95077356,27.5,700,659,50.71428571,49.28571429,17.14285714,5.714285714,49.7723824,50.2276176,17.60242792,5.007587253,NA,NA,NA,NA,NA,43.94115067,46.95839691,45.44977379,NA,NA,NA,NA,43,36,17.37264253,F,-12.06143003,5.311212499,F,F,22.6884984,1948,F,138
15908042,ALAN B SHEPARD MIDDLE,SOUTH SAN ANTONIO ISD,BEXAR COUNTY,5558 RAY ELLISON DR,SAN ANTONIO,78242-2299,6,8,20,N,N,NO,Y,607,1.812191104,0.164744646,0,95.05766063,0.164744646,0.164744646,2.635914333,83.03130148,24.9,599,578,50.58430718,49.41569282,21.03505843,8.848080134,52.76816609,47.23183391,14.35986159,3.114186851,NA,NA,NA,NA,NA,45.15760803,39.83161926,42.49461365,NA,NA,NA,NA,22,20,17.69746001,F,-12.12966743,5.567792579,F,F,21.89803546,1964,F,139
15911044,LEGACY MIDDLE,EAST CENTRAL ISD,BEXAR COUNTY,5903 S E LOOP 410,SAN ANTONIO,78263-9701,6,8,20,N,N,NO,Y,1248,12.5,0.16025641,0.320512821,78.92628205,0.080128205,1.201923077,6.810897436,73.87820513,13.7,1226,1071,43.71941272,56.28058728,25.28548124,8.646003263,58.54341737,41.45658263,10.08403361,1.120448179,NA,NA,NA,NA,NA,47.24716187,37.58440781,42.41578484,NA,NA,NA,NA,155,59,17.68475743,F,-14.30531737,3.379440057,F,F,21.13883411,1974,F,140
15907043,DAVIS MIDDLE,SAN ANTONIO ISD,BEXAR COUNTY,4702 E HOUSTON ST,SAN ANTONIO,78220-3397,6,8,20,N,N,NO,Y,627,37.16108453,0,1.594896332,56.45933014,0.318979266,2.073365231,2.392344498,98.72408293,34.5,601,565,53.91014975,46.08985025,16.97171381,5.490848586,54.69026549,45.30973451,11.85840708,2.654867257,NA,NA,NA,NA,NA,45.33608627,47.46763229,46.40185928,NA,NA,NA,NA,35,32,14.41506044,F,-13.04127063,1.373789816,F,F,20.70950628,1982,F,141
15907051,LOWELL MIDDLE,SAN ANTONIO ISD,BEXAR COUNTY,919 THOMPSON PL,SAN ANTONIO,78226-1494,6,8,20,N,N,NO,Y,444,1.801801802,0,0,96.17117117,0,0.225225225,1.801801802,95.27027027,27.4,416,353,51.44230769,48.55769231,16.10576923,4.567307692,57.22379603,42.77620397,10.76487252,1.416430595,NA,NA,NA,NA,NA,46.84090424,48.01796341,47.42943383,NA,NA,NA,NA,62,30,13.43532088,F,-14.38332722,-0.948006346,F,F,19.9522772,1995,F,142
15907050,LONGFELLOW MIDDLE,SAN ANTONIO ISD,BEXAR COUNTY,1130 E SUNSHINE DR,SAN ANTONIO,78228-2999,6,8,20,N,N,NO,Y,905,1.215469613,0,0.331491713,96.79558011,0.110497238,0.110497238,1.436464088,91.16022099,20.7,891,829,53.42312009,46.57687991,16.94725028,6.172839506,56.4535585,43.5464415,13.51025332,3.498190591,NA,NA,NA,NA,NA,42.15171432,41.68214035,41.91692734,NA,NA,NA,NA,67,58,15.2287518,F,-13.14062507,2.088126724,F,F,19.72485735,1998,F,143
15822001,JUBILEE SAN ANTONIO,JUBILEE ACADEMIES,BEXAR COUNTY,4434 ROLAND,SAN ANTONIO,78222,PK,12,20,N,Y,NO,N,1126,11.90053286,0,0.444049734,82.23801066,0.26642984,0.710479574,4.440497336,72.91296625,18.5,596,502,50,50,20.46979866,8.89261745,60.15936255,39.84063745,12.94820717,3.386454183,70.6,1233,14.3,NA,NA,44.8178978,37.34983826,41.08386803,244,60,166,40,306,10,16.70900291,F,-15.54771787,1.16128504,F,F,19.63173394,1999,F,144
15907054,POE MIDDLE,SAN ANTONIO ISD,BEXAR COUNTY,814 ARANSAS AVE,SAN ANTONIO,78210-2212,6,8,20,N,N,YES,Y,570,5.614035088,0.350877193,0,92.80701754,0,0.175438596,1.052631579,96.49122807,20.9,576,530,53.29861111,46.70138889,17.1875,5.381944444,69.05660377,30.94339623,9.056603774,1.132075472,NA,NA,NA,NA,NA,42.46299362,37.72708893,40.09504128,NA,NA,NA,NA,46,18,13.12205189,F,-14.55754442,-1.435492532,F,F,17.24327301,2026,F,145
15907057,ROGERS MIDDLE,SAN ANTONIO ISD,BEXAR COUNTY,314 GALWAY DR,SAN ANTONIO,78223-2899,6,8,20,N,N,NO,Y,563,7.815275311,0,0.355239787,87.56660746,0,0.53285968,3.730017762,94.4937833,24.1,532,476,54.88721805,45.11278195,16.91729323,5.07518797,65.96638655,34.03361345,6.302521008,1.260504202,NA,NA,NA,NA,NA,44.84222412,41.43800735,43.14011574,NA,NA,NA,NA,55,19,11.60990712,F,-16.30319533,-4.693288205,F,F,16.66889264,2029,F,146
15907061,TAFOLLA MIDDLE,SAN ANTONIO ISD,BEXAR COUNTY,1303 W CESAR E CHAVEZ BLVD,SAN ANTONIO,78207-3997,6,8,20,N,N,YES,Y,710,0.985915493,0.422535211,0,97.6056338,0.14084507,0.281690141,0.563380282,94.22535211,18.4,697,700,57.10186514,42.89813486,12.482066,3.586800574,63.85714286,36.14285714,8.857142857,2,NA,NA,NA,NA,NA,47.11334229,40.13077164,43.62205697,25,22,NA,NA,21,18,10.66960443,F,-17.27721879,-6.607614363,F,F,15.87878766,2032,F,147
15837001,CARPE DIEM SCHOOLS,CARPE DIEM SCHOOLS,BEXAR COUNTY,8038 W MILITARY DR,SAN ANTONIO,78227,6,12,20,N,Y,NA,N,262,7.633587786,0,0.381679389,79.38931298,0,0.381679389,12.21374046,62.21374046,52.8,162,158,43.82716049,56.17283951,22.83950617,9.87654321,74.6835443,25.3164557,6.962025316,1.265822785,NA,NA,NA,NA,NA,47.03756714,31.52323914,39.28040314,58,11,30,9,62,1,14.90076574,F,-21.70638595,-6.805620209,F,F,15.77605771,2033,F,148
15907005,HIGHLANDS H S,SAN ANTONIO ISD,BEXAR COUNTY,3118 ELGIN AVE,SAN ANTONIO,78210-5599,8,12,20,N,N,NA,Y,2117,6.849315068,0,0.236183278,89.5606991,0.047236656,0.33065659,2.975909306,90.69437884,23.9,310,266,56.12903226,43.87096774,20.32258065,6.451612903,73.68421053,26.31578947,2.631578947,0.37593985,63.7,1176,16.4,30.3,12.2,43.28913498,34.6183548,38.95374489,714,126,567,104,539,45,11.4770798,F,-16.96234728,-5.485267484,F,F,14.96687055,2035,F,149
15907049,IRVING MIDDLE,SAN ANTONIO ISD,BEXAR COUNTY,1300 DELGADO ST,SAN ANTONIO,78207-1473,7,8,20,N,N,NO,Y,747,0.93708166,0.133868809,0.133868809,97.59036145,0,0.267737617,0.93708166,95.44846051,25.1,697,665,63.41463415,36.58536585,11.19081779,3.443328551,63.7593985,36.2406015,7.669172932,1.052631579,NA,NA,NA,NA,NA,42.09409332,42.88355255,42.48882294,NA,NA,NA,NA,68,60,9.429995361,F,-18.36763173,-8.937636369,F,F,14.31273358,2039,F,150
15907053,PAGE MIDDLE,SAN ANTONIO ISD,BEXAR COUNTY,401 BERKSHIRE AVE,SAN ANTONIO,78210-2904,7,8,20,N,N,NO,Y,396,1.767676768,0.252525253,0,94.6969697,0,0.252525253,3.03030303,92.17171717,33.9,371,345,62.8032345,37.1967655,14.01617251,5.929919137,71.5942029,28.4057971,4.347826087,1.15942029,NA,NA,NA,NA,NA,45.11985397,38.64052963,41.8801918,NA,NA,NA,NA,48,14,9.181999297,F,-19.04046992,-9.858470619,F,F,13.72083892,2042,F,151
