<metadata xml:lang="en"><Esri><CreaDate>20130116</CreaDate><CreaTime>08544800</CreaTime><SyncOnce>FALSE</SyncOnce><DataProperties><itemProps><itemLocation><linkage Sync="TRUE">file://\\vrsvapps2\gis1\VoterPrecincts2013\VoterPrecincts2013.shp</linkage><protocol Sync="TRUE">Local Area Network</protocol></itemLocation><itemName Sync="TRUE">VoterPrecincts2013</itemName><imsContentType Sync="TRUE">002</imsContentType><itemSize Sync="TRUE">0.000</itemSize></itemProps><copyHistory><copy source="S:\Redistricting 2011\March2012\proposed lines" dest="\\vrsvapps2\gis1\VoterPrecincts 2012\proposed lines" date="20120411" time="09130800"></copy></copyHistory><coordRef><type Sync="TRUE">Projected</type><geogcsn Sync="TRUE">GCS_North_American_1983</geogcsn><csUnits Sync="TRUE">Linear Unit: Foot_US (0.304801)</csUnits><projcsn Sync="TRUE">NAD_1983_StatePlane_Texas_South_Central_FIPS_4204_Feet</projcsn><peXml Sync="TRUE">&lt;ProjectedCoordinateSystem xsi:type='typens:ProjectedCoordinateSystem' xmlns:xsi='http://www.w3.org/2001/XMLSchema-instance' xmlns:xs='http://www.w3.org/2001/XMLSchema' xmlns:typens='http://www.esri.com/schemas/ArcGIS/10.0'&gt;&lt;WKT&gt;PROJCS[&amp;quot;NAD_1983_StatePlane_Texas_South_Central_FIPS_4204_Feet&amp;quot;,GEOGCS[&amp;quot;GCS_North_American_1983&amp;quot;,DATUM[&amp;quot;D_North_American_1983&amp;quot;,SPHEROID[&amp;quot;GRS_1980&amp;quot;,6378137.0,298.257222101]],PRIMEM[&amp;quot;Greenwich&amp;quot;,0.0],UNIT[&amp;quot;Degree&amp;quot;,0.0174532925199433]],PROJECTION[&amp;quot;Lambert_Conformal_Conic&amp;quot;],PARAMETER[&amp;quot;False_Easting&amp;quot;,1968500.0],PARAMETER[&amp;quot;False_Northing&amp;quot;,13123333.33333333],PARAMETER[&amp;quot;Central_Meridian&amp;quot;,-99.0],PARAMETER[&amp;quot;Standard_Parallel_1&amp;quot;,28.38333333333333],PARAMETER[&amp;quot;Standard_Parallel_2&amp;quot;,30.28333333333334],PARAMETER[&amp;quot;Latitude_Of_Origin&amp;quot;,27.83333333333333],UNIT[&amp;quot;Foot_US&amp;quot;,0.3048006096012192],AUTHORITY[&amp;quot;EPSG&amp;quot;,2278]]&lt;/WKT&gt;&lt;XOrigin&gt;-126725700&lt;/XOrigin&gt;&lt;YOrigin&gt;-77828800&lt;/YOrigin&gt;&lt;XYScale&gt;34994581.165044695&lt;/XYScale&gt;&lt;ZOrigin&gt;-100000&lt;/ZOrigin&gt;&lt;ZScale&gt;10000&lt;/ZScale&gt;&lt;MOrigin&gt;-100000&lt;/MOrigin&gt;&lt;MScale&gt;10000&lt;/MScale&gt;&lt;XYTolerance&gt;0.0032808333333333335&lt;/XYTolerance&gt;&lt;ZTolerance&gt;0.001&lt;/ZTolerance&gt;&lt;MTolerance&gt;0.001&lt;/MTolerance&gt;&lt;HighPrecision&gt;true&lt;/HighPrecision&gt;&lt;WKID&gt;2278&lt;/WKID&gt;&lt;/ProjectedCoordinateSystem&gt;</peXml></coordRef><lineage><Process ToolSource="c:\program files\arcgis\desktop10.0\ArcToolbox\Toolboxes\Conversion Tools.tbx\FeatureClassToFeatureClass" Date="20120417" Time="094034">FeatureClassToFeatureClass "S:\Redistricting 2011\John\VoterPrecinctstop.shp" "S:\Redistricting 2011\John\VoterPrecincts2012.mdb\VotingPrecincts" vtrpcts2012 # "AREA "AREA" true true false 10 Double 2 9 ,First,#,S:\Redistricting 2011\John\VoterPrecinctstop.shp,AREA,-1,-1;NAME "NAME" true true false 4 Text 0 0 ,First,#,S:\Redistricting 2011\John\VoterPrecinctstop.shp,NAME,-1,-1;TOTAL "TOTAL" true true false 4 Short 0 4 ,First,#,S:\Redistricting 2011\John\VoterPrecinctstop.shp,TOTAL,-1,-1;STATESENAT "STATESENAT" true true false 3 Short 0 3 ,First,#,S:\Redistricting 2011\John\VoterPrecinctstop.shp,STATESENAT,-1,-1;CONG "CONG" true true false 3 Short 0 3 ,First,#,S:\Redistricting 2011\John\VoterPrecinctstop.shp,CONG,-1,-1;STATEREP "STATEREP" true true false 3 Short 0 3 ,First,#,S:\Redistricting 2011\John\VoterPrecinctstop.shp,STATEREP,-1,-1" #</Process><Process ToolSource="c:\program files\arcgis\desktop10.0\ArcToolbox\Toolboxes\Conversion Tools.tbx\FeatureClassToFeatureClass" Date="20120523" Time="165251">FeatureClassToFeatureClass "S:\VoterPrecincts 2012\VoterPrecincts2012.mdb\VotingPrecincts\vtrpcts2012" "S:\VoterPrecincts 2012\Precincts2012.mdb" VoterPrecincts2012 # "AREA "AREA" true true false 8 Double 0 0 ,First,#,S:\VoterPrecincts 2012\VoterPrecincts2012.mdb\VotingPrecincts\vtrpcts2012,AREA,-1,-1;NAME "NAME" true true false 4 Text 0 0 ,First,#,S:\VoterPrecincts 2012\VoterPrecincts2012.mdb\VotingPrecincts\vtrpcts2012,NAME,-1,-1;TOTAL "TOTAL" true true false 2 Short 0 0 ,First,#,S:\VoterPrecincts 2012\VoterPrecincts2012.mdb\VotingPrecincts\vtrpcts2012,TOTAL,-1,-1;STATESENAT "STATESENAT" true true false 2 Short 0 0 ,First,#,S:\VoterPrecincts 2012\VoterPrecincts2012.mdb\VotingPrecincts\vtrpcts2012,STATESENAT,-1,-1;CONG "CONG" true true false 2 Short 0 0 ,First,#,S:\VoterPrecincts 2012\VoterPrecincts2012.mdb\VotingPrecincts\vtrpcts2012,CONG,-1,-1;STATEREP "STATEREP" true true false 2 Short 0 0 ,First,#,S:\VoterPrecincts 2012\VoterPrecincts2012.mdb\VotingPrecincts\vtrpcts2012,STATEREP,-1,-1;Shape_Length "Shape_Length" false true true 8 Double 0 0 ,First,#,S:\VoterPrecincts 2012\VoterPrecincts2012.mdb\VotingPrecincts\vtrpcts2012,Shape_Length,-1,-1;Shape_Area "Shape_Area" false true true 8 Double 0 0 ,First,#,S:\VoterPrecincts 2012\VoterPrecincts2012.mdb\VotingPrecincts\vtrpcts2012,Shape_Area,-1,-1" #</Process><Process ToolSource="c:\program files\arcgis\desktop10.0\ArcToolbox\Toolboxes\Conversion Tools.tbx\FeatureClassToFeatureClass" Date="20130226" Time="164254">FeatureClassToFeatureClass S:\VoterPrecincts2013\Precincts2013.mdb\VoterPrecincts2013 S:\VoterPrecincts2013 VoterPrecincts2013.shp # "AREA "AREA" true true false 8 Double 0 0 ,First,#,S:\VoterPrecincts2013\Precincts2013.mdb\VoterPrecincts2013,AREA,-1,-1;NAME "NAME" true true false 4 Text 0 0 ,First,#,S:\VoterPrecincts2013\Precincts2013.mdb\VoterPrecincts2013,NAME,-1,-1;TOTAL "TOTAL" true true false 2 Short 0 0 ,First,#,S:\VoterPrecincts2013\Precincts2013.mdb\VoterPrecincts2013,TOTAL,-1,-1;STATESENAT "STATESENAT" true true false 2 Short 0 0 ,First,#,S:\VoterPrecincts2013\Precincts2013.mdb\VoterPrecincts2013,STATESENAT,-1,-1;CONG "CONG" true true false 2 Short 0 0 ,First,#,S:\VoterPrecincts2013\Precincts2013.mdb\VoterPrecincts2013,CONG,-1,-1;STATEREP "STATEREP" true true false 2 Short 0 0 ,First,#,S:\VoterPrecincts2013\Precincts2013.mdb\VoterPrecincts2013,STATEREP,-1,-1;Shape_Leng "Shape_Length" false true true 8 Double 0 0 ,First,#,S:\VoterPrecincts2013\Precincts2013.mdb\VoterPrecincts2013,Shape_Length,-1,-1;Shape_Area "Shape_Area" false true true 8 Double 0 0 ,First,#,S:\VoterPrecincts2013\Precincts2013.mdb\VoterPrecincts2013,Shape_Area,-1,-1" #</Process></lineage></DataProperties><ArcGISFormat>1.0</ArcGISFormat><SyncDate>20130226</SyncDate><SyncTime>16425100</SyncTime><ModDate>20130226</ModDate><ModTime>16425100</ModTime></Esri><dataIdInfo><envirDesc Sync="TRUE">Microsoft Windows 7 Version 6.1 (Build 7601) Service Pack 1; ESRI ArcGIS 10.0.3.3600</envirDesc><dataLang><languageCode value="eng" Sync="TRUE"></languageCode><countryCode value="USA" Sync="TRUE"></countryCode></dataLang><idCitation><resTitle Sync="TRUE">VoterPrecincts2013</resTitle><presForm><PresFormCd value="005" Sync="TRUE"></PresFormCd></presForm></idCitation><spatRpType><SpatRepTypCd value="001" Sync="TRUE"></SpatRepTypCd></spatRpType></dataIdInfo><mdLang><languageCode value="eng" Sync="TRUE"></languageCode><countryCode value="USA" Sync="TRUE"></countryCode></mdLang><distInfo><distFormat><formatName Sync="TRUE">Shapefile</formatName></distFormat><distTranOps><transSize Sync="TRUE">0.000</transSize></distTranOps></distInfo><mdHrLv><ScopeCd value="005" Sync="TRUE"></ScopeCd></mdHrLv><mdHrLvName Sync="TRUE">dataset</mdHrLvName><refSysInfo><RefSystem><refSysID><identCode code="2278" Sync="TRUE" value="2278"></identCode><idCodeSpace Sync="TRUE">EPSG</idCodeSpace><idVersion Sync="TRUE">7.4.1</idVersion></refSysID></RefSystem></refSysInfo><spatRepInfo><VectSpatRep><geometObjs Name="VoterPrecincts2013"><geoObjTyp><GeoObjTypCd value="002" Sync="TRUE"></GeoObjTypCd></geoObjTyp><geoObjCnt Sync="TRUE">0</geoObjCnt></geometObjs><topLvl><TopoLevCd value="001" Sync="TRUE"></TopoLevCd></topLvl></VectSpatRep></spatRepInfo><spdoinfo><ptvctinf><esriterm><efeatyp Sync="TRUE">Simple</efeatyp><efeageom code="4" Sync="TRUE"></efeageom><esritopo Sync="TRUE">FALSE</esritopo><efeacnt Sync="TRUE">0</efeacnt><spindex Sync="TRUE">FALSE</spindex><linrefer Sync="TRUE">FALSE</linrefer></esriterm></ptvctinf></spdoinfo><eainfo><detailed Name="VoterPrecincts2013"><enttyp><enttypl Sync="TRUE">VoterPrecincts2013</enttypl><enttypt Sync="TRUE">Feature Class</enttypt><enttypc Sync="TRUE">0</enttypc></enttyp><attr><attrlabl Sync="TRUE">FID</attrlabl><attalias Sync="TRUE">FID</attalias><attrtype Sync="TRUE">OID</attrtype><attwidth Sync="TRUE">4</attwidth><atprecis Sync="TRUE">0</atprecis><attscale Sync="TRUE">0</attscale><attrdef Sync="TRUE">Internal feature number.</attrdef><attrdefs Sync="TRUE">ESRI</attrdefs><attrdomv><udom Sync="TRUE">Sequential unique whole numbers that are automatically generated.</udom></attrdomv></attr><attr><attrlabl Sync="TRUE">Shape</attrlabl><attalias Sync="TRUE">Shape</attalias><attrtype Sync="TRUE">Geometry</attrtype><attwidth Sync="TRUE">0</attwidth><atprecis Sync="TRUE">0</atprecis><attscale Sync="TRUE">0</attscale><attrdef Sync="TRUE">Feature geometry.</attrdef><attrdefs Sync="TRUE">ESRI</attrdefs><attrdomv><udom Sync="TRUE">Coordinates defining the features.</udom></attrdomv></attr><attr><attrlabl Sync="TRUE">AREA</attrlabl><attalias Sync="TRUE">AREA</attalias><attrtype Sync="TRUE">Double</attrtype><attwidth Sync="TRUE">19</attwidth><atprecis Sync="TRUE">0</atprecis><attscale Sync="TRUE">0</attscale></attr><attr><attrlabl Sync="TRUE">NAME</attrlabl><attalias Sync="TRUE">NAME</attalias><attrtype Sync="TRUE">String</attrtype><attwidth Sync="TRUE">4</attwidth><atprecis Sync="TRUE">0</atprecis><attscale Sync="TRUE">0</attscale></attr><attr><attrlabl Sync="TRUE">TOTAL</attrlabl><attalias Sync="TRUE">TOTAL</attalias><attrtype Sync="TRUE">SmallInteger</attrtype><attwidth Sync="TRUE">4</attwidth><atprecis Sync="TRUE">4</atprecis><attscale Sync="TRUE">0</attscale></attr><attr><attrlabl Sync="TRUE">STATESENAT</attrlabl><attalias Sync="TRUE">STATESENAT</attalias><attrtype Sync="TRUE">SmallInteger</attrtype><attwidth Sync="TRUE">4</attwidth><atprecis Sync="TRUE">4</atprecis><attscale Sync="TRUE">0</attscale></attr><attr><attrlabl Sync="TRUE">CONG</attrlabl><attalias Sync="TRUE">CONG</attalias><attrtype Sync="TRUE">SmallInteger</attrtype><attwidth Sync="TRUE">4</attwidth><atprecis Sync="TRUE">4</atprecis><attscale Sync="TRUE">0</attscale></attr><attr><attrlabl Sync="TRUE">STATEREP</attrlabl><attalias Sync="TRUE">STATEREP</attalias><attrtype Sync="TRUE">SmallInteger</attrtype><attwidth Sync="TRUE">4</attwidth><atprecis Sync="TRUE">4</atprecis><attscale Sync="TRUE">0</attscale></attr><attr><attrlabl Sync="TRUE">Shape_Leng</attrlabl><attalias Sync="TRUE">Shape_Leng</attalias><attrtype Sync="TRUE">Double</attrtype><attwidth Sync="TRUE">19</attwidth><atprecis Sync="TRUE">0</atprecis><attscale Sync="TRUE">0</attscale></attr><attr><attrlabl Sync="TRUE">Shape_Area</attrlabl><attalias Sync="TRUE">Shape_Area</attalias><attrtype Sync="TRUE">Double</attrtype><attwidth Sync="TRUE">19</attwidth><atprecis Sync="TRUE">0</atprecis><attscale Sync="TRUE">0</attscale><attrdef Sync="TRUE">Area of feature in internal units squared.</attrdef><attrdefs Sync="TRUE">ESRI</attrdefs><attrdomv><udom Sync="TRUE">Positive real numbers that are automatically generated.</udom></attrdomv></attr></detailed></eainfo><mdDateSt Sync="TRUE">20130226</mdDateSt></metadata>
